"TABLE_NAME","COLUMN_NAME","DATA_TYPE","DATA_PRECISION","NULLABLE","CONSTRAINT_NAME","COMMENTS","COMMENTS"
"OS_AGENT_ADVERTISER_CONVERT","CONVERT_UID","NUMBER","","N","SYS_C00175603","转化编号","广告主转化"
"OS_AGENT_ADVERTISER_CONVERT","CONVERT_UID","NUMBER","","N","PK_AGENT_ADVERTISER_CONVERT","转化编号","广告主转化"
"OS_AGENT_ADVERTISER_CONVERT","ADVERTISER_UID","NUMBER","","N","SYS_C00175604","广告主编号","广告主转化"
"OS_AGENT_ADVERTISER_CONVERT","CONVERT_NAME","VARCHAR2","","N","SYS_C00175605","转化名称","广告主转化"
"OS_AGENT_ADVERTISER_CONVERT","CONVERT_ID","VARCHAR2","","Y","","转化ID","广告主转化"
"OS_AGENT_ADVERTISER_CONVERT","PAGE_ID","NUMBER","","N","SYS_C00175607","落地页编号","广告主转化"
"OS_AGENT_ADVERTISER_CONVERT","REPORT_TYPE","NUMBER","","N","SYS_C00177430","回码类型: 1-无需回码 2-JS回码 3-API回码","广告主转化"
"OS_AGENT_ADVERTISER_CONVERT","REPORT_POINT","NUMBER","","N","SYS_C00177431","回码点: 1-无 2-收单时 3-订单成功时","广告主转化"
"OS_AGENT_ADVERTISER_CONVERT","ACTIVE_STATUS","NUMBER","","N","SYS_C00175609","激活状态: 1-无需激活 2-已激活 3-未激活","广告主转化"
"OS_AGENT_ADVERTISER_CONVERT","ACTIVE_ARGS","VARCHAR2","","Y","","激活参数","广告主转化"
"OS_AGENT_ADVERTISER_CONVERT","CREATE_USER","VARCHAR2","","N","SYS_C00175610","创建人","广告主转化"
"OS_AGENT_ADVERTISER_CONVERT","CREATE_TIME","DATE","","N","SYS_C00175611","创建时间","广告主转化"
"OS_AGENT_ADVERTISER_CONVERT","UPDATE_USER","VARCHAR2","","Y","","更新人","广告主转化"
"OS_AGENT_ADVERTISER_CONVERT","UPDATE_TIME","DATE","","Y","","更新时间","广告主转化"
"OS_AGENT_INFO","AGENT_NO","VARCHAR2","","N","SYS_C00175612","代理商编号","代理商信息表"
"OS_AGENT_INFO","AGENT_NO","VARCHAR2","","N","PK_AGENT_INFO","代理商编号","代理商信息表"
"OS_AGENT_INFO","AGENT_NAME","VARCHAR2","","N","SYS_C00175613","代理商名称","代理商信息表"
"OS_DOWN_PRODUCT_RULE","RECORD_ID","NUMBER","","N","SYS_C00175646","记录编号","下游产品规则"
"OS_DOWN_PRODUCT_RULE","RECORD_ID","NUMBER","","N","PK_DOWN_PRODUCT_RULE","记录编号","下游产品规则"
"OS_DOWN_PRODUCT_RULE","CHANNEL_NO","VARCHAR2","","N","SYS_C00175647","渠道编号","下游产品规则"
"OS_DOWN_PRODUCT_RULE","PRODUCT_NO","VARCHAR2","","N","SYS_C00175648","产品编号","下游产品规则"
"OS_DOWN_PRODUCT_RULE","TERM_NO","VARCHAR2","","N","SYS_C00175649","终端编号","下游产品规则"
"OS_DOWN_PRODUCT_RULE","RULE_TYPE","NUMBER","","N","SYS_C00175650","规则类型","下游产品规则"
"OS_DOWN_PRODUCT_RULE","RULE_CND","NUMBER","","N","SYS_C00175651","规则条件","下游产品规则"
"OS_DOWN_PRODUCT_RULE","RULE_VALUE1","VARCHAR2","","N","SYS_C00175652","规则值1","下游产品规则"
"OS_DOWN_PRODUCT_RULE","RULE_VALUE2","VARCHAR2","","Y","","规则值2","下游产品规则"
"OS_DOWN_PRODUCT_RULE","PRIORITY","NUMBER","","N","SYS_C00175653","优先级","下游产品规则"
"OS_DOWN_PRODUCT_RULE","STATUS","NUMBER","","N","SYS_C00175654","状态","下游产品规则"
"OS_DOWN_PRODUCT_RULE","CREATE_USER","VARCHAR2","","N","SYS_C00175655","创建人","下游产品规则"
"OS_DOWN_PRODUCT_RULE","CREATE_TIME","DATE","","N","SYS_C00175656","创建时间","下游产品规则"
"OS_DOWN_PRODUCT_RULE","UPDATE_USER","VARCHAR2","","Y","","更新人","下游产品规则"
"OS_DOWN_PRODUCT_RULE","UPDATE_TIME","DATE","","Y","","更新时间","下游产品规则"
"OS_DOWN_TO_UP","RECORD_ID","NUMBER","","N","SYS_C00175658","记录编号","下游指定上游"
"OS_DOWN_TO_UP","RECORD_ID","NUMBER","","N","PK_DOWN_TO_UP","记录编号","下游指定上游"
"OS_DOWN_TO_UP","DOWN_CHANNEL_NO","VARCHAR2","","N","SYS_C00175659","下游渠道编号","下游指定上游"
"OS_DOWN_TO_UP","DOWN_GROUP_NO","VARCHAR2","","N","SYS_C00175660","下游分组编号","下游指定上游"
"OS_DOWN_TO_UP","UP_CHANNEL_NO","VARCHAR2","","N","SYS_C00175661","上游渠道编号","下游指定上游"
"OS_DOWN_TO_UP","UP_GROUP_NO","VARCHAR2","","N","SYS_C00175662","上游分组编号","下游指定上游"
"OS_DOWN_TO_UP","UP_DIVERT_VALUE","NUMBER","","N","SYS_C00188102","上游分流值(1-100)","下游指定上游"
"OS_DOWN_TO_UP","STATUS","NUMBER","","Y","","状态","下游指定上游"
"OS_DOWN_TO_UP","REMARK","VARCHAR2","","Y","","备注","下游指定上游"
"OS_DOWN_TO_UP","CREATE_USER","VARCHAR2","","N","SYS_C00175664","创建人","下游指定上游"
"OS_DOWN_TO_UP","CREATE_TIME","DATE","","N","SYS_C00175665","创建时间","下游指定上游"
"OS_DOWN_TO_UP","UPDATE_USER","VARCHAR2","","Y","","更新人","下游指定上游"
"OS_DOWN_TO_UP","UPDATE_TIME","DATE","","Y","","更新时间","下游指定上游"
"OS_FLOW_INFO","FLOW_ID","NUMBER","","N","SYS_C00175667","流程编号","流程信息"
"OS_FLOW_INFO","FLOW_ID","NUMBER","","N","PK_FLOW_INFO","流程编号","流程信息"
"OS_FLOW_INFO","FLOW_NAME","VARCHAR2","","N","SYS_C00175668","流程名称","流程信息"
"OS_FLOW_INFO","FLOW_TYPE","NUMBER","","N","SYS_C00175669","流程类型: 1-下游流程 2-上游流程","流程信息"
"OS_FLOW_INFO","STATUS","NUMBER","","N","SYS_C00175670","状态","流程信息"
"OS_FLOW_INFO","REMARK","VARCHAR2","","Y","","备注","流程信息"
"OS_FLOW_INFO","CREATE_USER","VARCHAR2","","N","SYS_C00175671","创建人","流程信息"
"OS_FLOW_INFO","CREATE_TIME","DATE","","N","SYS_C00175672","创建时间","流程信息"
"OS_FLOW_INFO","UPDATE_USER","VARCHAR2","","Y","","更新人","流程信息"
"OS_FLOW_INFO","UPDATE_TIME","DATE","","Y","","更新时间","流程信息"
"OS_OPERATE_DETAIL","DETAIL_ID","NUMBER","","N","SYS_C00175684","详情编号","操作记录详情"
"OS_OPERATE_DETAIL","DETAIL_ID","NUMBER","","N","PK_OPERATE_DETAIL","详情编号","操作记录详情"
"OS_OPERATE_DETAIL","OPERATE_ID","NUMBER","","N","SYS_C00175685","操作记录号","操作记录详情"
"OS_OPERATE_DETAIL","RECORD_ID","VARCHAR2","","N","SYS_C00175686","记录编号","操作记录详情"
"OS_OPERATE_DETAIL","CREATE_TIME","DATE","","N","SYS_C00175687","创建时间","操作记录详情"
"OS_OPERATE_MAIN","OPERATE_ID","NUMBER","","N","SYS_C00175689","操作记录号","人工操作记录"
"OS_OPERATE_MAIN","OPERATE_ID","NUMBER","","N","PK_OPERATE_MAIN","操作记录号","人工操作记录"
"OS_OPERATE_MAIN","OPERATE_TYPE","NUMBER","","Y","","操作类型 1-订单 2.绑定 3-退款 4-产品","人工操作记录"
"OS_OPERATE_MAIN","USER_ID","VARCHAR2","","N","SYS_C00175690","用户编号","人工操作记录"
"OS_OPERATE_MAIN","OPERATE_DESC","VARCHAR2","","N","SYS_C00175691","操作说明","人工操作记录"
"OS_OPERATE_MAIN","CREATE_TIME","DATE","","Y","","创建时间","人工操作记录"
"OS_ORDER_CALLBACK","RECORD_ID","NUMBER","","N","SYS_C00175693","记录编号","订单回调记录"
"OS_ORDER_CALLBACK","RECORD_ID","NUMBER","","N","PK_ORDER_CALLBACK","记录编号","订单回调记录"
"OS_ORDER_CALLBACK","DELIVERY_ID","NUMBER","","N","SYS_C00175694","发货编号","订单回调记录"
"OS_ORDER_CALLBACK","ORDER_NO","VARCHAR2","","N","SYS_C00175695","订单号","订单回调记录"
"OS_ORDER_CALLBACK","UP_CHANNEL_NO","VARCHAR2","","N","SYS_C00175696","上游渠道","订单回调记录"
"OS_ORDER_CALLBACK","CALLBACK_STATUS","NUMBER","","N","SYS_C00175697","回调状态","订单回调记录"
"OS_ORDER_CALLBACK","UP_ORDER_NO","VARCHAR2","","Y","","上游订单号","订单回调记录"
"OS_ORDER_CALLBACK","RESULT_MSG","VARCHAR2","","Y","","回调结果","订单回调记录"
"OS_ORDER_CALLBACK","SERVER_IP","VARCHAR2","","Y","","服务器IP","订单回调记录"
"OS_ORDER_CALLBACK","CREATE_TIME","DATE","","N","SYS_C00175698","创建时间","订单回调记录"
"OS_ORDER_PAYMENT","ORDER_NO","VARCHAR2","","N","SYS_C00175780","订单号","订单支付记录表"
"OS_ORDER_PAYMENT","ORDER_NO","VARCHAR2","","N","PK_ORDER_PAYMENT","订单号","订单支付记录表"
"OS_ORDER_PAYMENT","ACCOUNT_ID","NUMBER","","N","SYS_C00175781","支付账号编号","订单支付记录表"
"OS_ORDER_PAYMENT","PAY_PRICE","NUMBER","15","N","SYS_C00175782","支付价格","订单支付记录表"
"OS_ORDER_PAYMENT","SERVICE_RATE","NUMBER","15","N","SYS_C00175783","手续费率","订单支付记录表"
"OS_ORDER_PAYMENT","SERVICE_FEE","NUMBER","15","N","SYS_C00175784","手续费","订单支付记录表"
"OS_ORDER_PAYMENT","PAY_STATUS","NUMBER","","N","SYS_C00175785","支付状态","订单支付记录表"
"OS_ORDER_PAYMENT","TRADE_SEQ","VARCHAR2","","Y","","支付平台流水","订单支付记录表"
"OS_ORDER_PAYMENT","TRADE_MSG","VARCHAR2","","Y","","支付平台消息","订单支付记录表"
"OS_ORDER_PAYMENT","CREATE_TIME","DATE","","N","SYS_C00175786","支付创建时间","订单支付记录表"
"OS_ORDER_PAYMENT","FINISH_TIME","DATE","","Y","","支付完成时间","订单支付记录表"
"OS_ORDER_REFUND","RECORD_ID","NUMBER","","N","SYS_C00175794","记录编号","订单退款记录表"
"OS_ORDER_REFUND","RECORD_ID","NUMBER","","N","PK_ORDER_REFUND","记录编号","订单退款记录表"
"OS_ORDER_REFUND","ORDER_NO","VARCHAR2","","N","SYS_C00175795","订单号","订单退款记录表"
"OS_ORDER_REFUND","REFUND_FEE","NUMBER","15","N","SYS_C00175796","退款金额","订单退款记录表"
"OS_ORDER_REFUND","REFUND_REASON","VARCHAR2","","N","SYS_C00175797","退款原因","订单退款记录表"
"OS_ORDER_REFUND","SERVICE_FEE","NUMBER","15","N","SYS_C00175798","手续费","订单退款记录表"
"OS_ORDER_REFUND","SERVICE_NAME","VARCHAR2","","N","SYS_C00175799","服务名称","订单退款记录表"
"OS_ORDER_REFUND","REFUND_STATUS","NUMBER","","N","SYS_C00175800","退款状态","订单退款记录表"
"OS_ORDER_REFUND","RESULT_MSG","VARCHAR2","","Y","","退款结果","订单退款记录表"
"OS_ORDER_REFUND","SERVER_IP","VARCHAR2","","Y","","服务器IP","订单退款记录表"
"OS_ORDER_REFUND","CREATE_TIME","DATE","","N","SYS_C00175801","创建时间","订单退款记录表"
"OS_ORDER_REFUND","FINISH_TIME","DATE","","Y","","完成时间","订单退款记录表"
"OS_PAY_ACCOUNT_INFO","ACCOUNT_ID","NUMBER","","N","SYS_C00175803","账号编号","支付账号表"
"OS_PAY_ACCOUNT_INFO","ACCOUNT_ID","NUMBER","","N","PK_PAY_ACCOUNT_INFO","账号编号","支付账号表"
"OS_PAY_ACCOUNT_INFO","ACCOUNT_NAME","VARCHAR2","","N","SYS_C00175804","账号名称","支付账号表"
"OS_PAY_ACCOUNT_INFO","ACCOUNT_TYPE","NUMBER","","N","SYS_C00175805","账号类型：1-支付宝 2-微信","支付账号表"
"OS_PAY_ACCOUNT_INFO","MERCHANT_ID","VARCHAR2","","Y","","商户编号","支付账号表"
"OS_PAY_ACCOUNT_INFO","SIGN_KEY","VARCHAR2","","Y","","签名KEY","支付账号表"
"OS_PAY_ACCOUNT_INFO","CERT_PATH","VARCHAR2","","Y","","证书路径","支付账号表"
"OS_PAY_ACCOUNT_INFO","CERT_PWD","VARCHAR2","","Y","","证书密钥","支付账号表"
"OS_PAY_ACCOUNT_INFO","PUBLIC_KEY","VARCHAR2","","Y","","加密公钥","支付账号表"
"OS_PAY_ACCOUNT_INFO","PRIVATE_KEY","VARCHAR2","","Y","","解密/验签私钥","支付账号表"
"OS_PAY_ACCOUNT_INFO","BALANCE","NUMBER","15","N","SYS_C00175806","账户余额","支付账号表"
"OS_PAY_ACCOUNT_INFO","AUTH_REDIRECT_URL","VARCHAR2","","Y","","API授权跳转地址","支付账号表"
"OS_PAY_ACCOUNT_INFO","PAY_REDIRECT_URL","VARCHAR2","","Y","","支付完成跳转地址","支付账号表"
"OS_PAY_ACCOUNT_INFO","PAY_CALLBACK_URL","VARCHAR2","","Y","","支付结果回调地址","支付账号表"
"OS_PAY_ACCOUNT_INFO","REFUND_CALLBACK_URL","VARCHAR2","","Y","","退款回调地址","支付账号表"
"OS_PAY_ACCOUNT_INFO","STATUS","NUMBER","","N","SYS_C00175807","状态: 0-启用 1-禁用","支付账号表"
"OS_PAY_ACCOUNT_INFO","REMARK","VARCHAR2","","Y","","备注","支付账号表"
"OS_PAY_ACCOUNT_INFO","CRATE_USER","VARCHAR2","","Y","","创建人","支付账号表"
"OS_PAY_ACCOUNT_INFO","CREATE_TIME","DATE","","N","SYS_C00175808","创建时间","支付账号表"
"OS_PAY_ACCOUNT_INFO","UPDATE_USER","VARCHAR2","","Y","","修改人","支付账号表"
"OS_PAY_ACCOUNT_INFO","UPDATE_TIME","DATE","","Y","","修改时间","支付账号表"
"OS_PAY_ACCOUNT_RATE","RECORD_ID","NUMBER","","N","SYS_C00175811","记录编号","支付账号费率"
"OS_PAY_ACCOUNT_RATE","RECORD_ID","NUMBER","","N","PK_PAY_ACCOUNT_RATE","记录编号","支付账号费率"
"OS_PAY_ACCOUNT_RATE","ACCOUNT_TYPE","NUMBER","","N","SYS_C00175812","账号类型: 1-支付宝 2-微信 3-京东","支付账号费率"
"OS_PAY_ACCOUNT_RATE","PAY_NAME","VARCHAR2","","N","SYS_C00175813","支付名称","支付账号费率"
"OS_PAY_ACCOUNT_RATE","PAY_TYPE","VARCHAR2","","N","SYS_C00175814","支付类型 * 所有","支付账号费率"
"OS_PAY_ACCOUNT_RATE","SERVICE_MODE","NUMBER","","Y","","手续费模式: 1-下单时扣 2-完成时扣","支付账号费率"
"OS_PAY_ACCOUNT_RATE","SERVICE_RATE","NUMBER","15","N","SYS_C00175815","手续费率","支付账号费率"
"OS_SYSTEM_LOG","RECORD_ID","NUMBER","","N","SYS_C00175844","日志编号","系统日志"
"OS_SYSTEM_LOG","RECORD_ID","NUMBER","","N","PK_SYSTEM_LOG","日志编号","系统日志"
"OS_SYSTEM_LOG","OBJECT_NAME","VARCHAR2","","N","SYS_C00175845","对象名称","系统日志"
"OS_SYSTEM_LOG","ERROR_LEVEL","NUMBER","","N","SYS_C00175846","错误等级","系统日志"
"OS_SYSTEM_LOG","ERROR_DESC","VARCHAR2","","N","SYS_C00175847","错误消息","系统日志"
"OS_SYSTEM_LOG","TRACE_INFO","VARCHAR2","","Y","","堆栈信息","系统日志"
"OS_SYSTEM_LOG","CREATE_TIME","DATE","","N","SYS_C00175848","创建时间","系统日志"
"OS_TERM_INFO","TERM_NO","VARCHAR2","","N","SYS_C00175855","终端编号","终端信息"
"OS_TERM_INFO","TERM_NO","VARCHAR2","","N","PK_TERM_INFO","终端编号","终端信息"
"OS_TERM_INFO","TERM_NAME","VARCHAR2","","N","SYS_C00175856","终端名称","终端信息"
"OS_TERM_INFO","STATUS","NUMBER","","N","SYS_C00175857","状态","终端信息"
"OS_TERM_INFO","DEFAULT_URL","VARCHAR2","","N","SYS_C00175858","默认地址","终端信息"
"OS_TERM_INFO","REMARK","VARCHAR2","","Y","","备注","终端信息"
"OS_TERM_INFO","CREATE_USER","VARCHAR2","","N","SYS_C00175859","创建人","终端信息"
"OS_TERM_INFO","CREATE_TIME","DATE","","N","SYS_C00175860","创建时间","终端信息"
"OS_TERM_INFO","UPDATE_USER","VARCHAR2","","Y","","更新人","终端信息"
"OS_TERM_INFO","UPDATE_TIME","DATE","","Y","","更新时间","终端信息"
"OS_TIMED_TASK","TASK_ID","NUMBER","","N","SYS_C00175894","任务编号","定时任务表"
"OS_TIMED_TASK","TASK_ID","NUMBER","","N","PK_TIMED_TASK","任务编号","定时任务表"
"OS_TIMED_TASK","TASK_NAME","VARCHAR2","","N","SYS_C00175895","任务名称","定时任务表"
"OS_TIMED_TASK","TASK_ROUTE","VARCHAR2","","N","SYS_C00175896","任务路由","定时任务表"
"OS_TIMED_TASK","TASK_ARGS","VARCHAR2","","N","SYS_C00175897","任务参数","定时任务表"
"OS_TIMED_TASK","TASK_STATUS","NUMBER","","N","SYS_C00175898","任务状态 0-成功 10-无需处理 20-等待处理 30-正在处理 90-失败","定时任务表"
"OS_TIMED_TASK","RETRY_TIMES","NUMBER","","Y","","重试次数","定时任务表"
"OS_TIMED_TASK","RETRY_INTERVAL","NUMBER","","N","SYS_C00175899","重试间隔(秒)","定时任务表"
"OS_TIMED_TASK","RETRY_MAX","NUMBER","","N","SYS_C00175900","最大重试次数","定时任务表"
"OS_TIMED_TASK","START_TIME","DATE","","Y","","执行开始时间","定时任务表"
"OS_TIMED_TASK","FINISH_TIME","DATE","","Y","","执行完成时间","定时任务表"
"OS_TIMED_TASK","NEXT_TIME","DATE","","Y","","下次执行时间","定时任务表"
"OS_TIMED_TASK","EXEC_COST","NUMBER","","Y","","执行耗时(秒)","定时任务表"
"OS_TIMED_TASK","SERVER_IP","VARCHAR2","","Y","","执行服务器IP","定时任务表"
"OS_TIMED_TASK","RESULT_MSG","VARCHAR2","","Y","","执行结果消息","定时任务表"
"OS_TIMED_TASK","PRIORITY","NUMBER","","N","SYS_C00175901","执行优先级","定时任务表"
"OS_TIMED_TASK","CREATE_TIME","DATE","","N","SYS_C00175902","创建时间","定时任务表"
"OS_TIMED_TASK","UPDATE_TIME","DATE","","Y","","更新时间","定时任务表"
"OS_TIMED_TASK","EXPIRE_TIME","DATE","","Y","","过期时间","定时任务表"
"OS_UP_API_CONFIG","RECORD_ID","NUMBER","","N","SYS_C00175904","记录编号","上游接口配置"
"OS_UP_API_CONFIG","RECORD_ID","NUMBER","","N","PK_UP_API_CONFIG","记录编号","上游接口配置"
"OS_UP_API_CONFIG","CHANNEL_NO","VARCHAR2","","N","SYS_C00175905","渠道编号","上游接口配置"
"OS_UP_API_CONFIG","BUSINESS_TYPE","NUMBER","","N","SYS_C00175906","业务类型","上游接口配置"
"OS_UP_API_CONFIG","PRODUCT_TYPE","NUMBER","","N","SYS_C00175907","产品类型","上游接口配置"
"OS_UP_API_CONFIG","API_TYPE","NUMBER","","N","SYS_C00175908","接口类型","上游接口配置"
"OS_UP_API_CONFIG","CARRIER_NO","VARCHAR2","","N","SYS_C00175909","运营商编码","上游接口配置"
"OS_UP_API_CONFIG","PROVINCE_NO","VARCHAR2","","N","SYS_C00175910","省份编码","上游接口配置"
"OS_UP_API_CONFIG","CITY_NO","VARCHAR2","","N","SYS_C00175911","地市编码","上游接口配置"
"OS_UP_API_CONFIG","SERVICE_CODE","VARCHAR2","","N","SYS_C00175912","服务编码","上游接口配置"
"OS_UP_API_CONFIG","API_URL","VARCHAR2","","N","SYS_C00175913","接口地址","上游接口配置"
"OS_UP_API_CONFIG","STATUS","NUMBER","","N","SYS_C00175914","状态","上游接口配置"
"OS_UP_API_CONFIG","CREATE_USER","VARCHAR2","","N","SYS_C00175915","创建人","上游接口配置"
"OS_UP_API_CONFIG","CREATE_TIME","DATE","","N","SYS_C00175916","创建时间","上游接口配置"
"OS_UP_API_CONFIG","UPDATE_USER","VARCHAR2","","Y","","更新人","上游接口配置"
"OS_UP_API_CONFIG","UPDATE_TIME","DATE","","Y","","更新时间","上游接口配置"
"OS_UP_PRODUCT","PRODUCT_NO","VARCHAR2","","N","SYS_C00175948","产品编码","上游产品信息"
"OS_UP_PRODUCT","PRODUCT_NO","VARCHAR2","","N","PK_UP_PRODUCT","产品编码","上游产品信息"
"OS_UP_PRODUCT","PRODUCT_NAME","VARCHAR2","","N","SYS_C00175949","产品名称","上游产品信息"
"OS_UP_PRODUCT","CHANNEL_NO","VARCHAR2","","N","SYS_C00175950","渠道编码","上游产品信息"
"OS_UP_PRODUCT","UP_PRODUCT_CODE","VARCHAR2","","Y","","上游产品编码","上游产品信息"
"OS_UP_PRODUCT","BUSINESS_TYPE","NUMBER","","N","SYS_C00175952","业务类型","上游产品信息"
"OS_UP_PRODUCT","PRODUCT_TYPE","NUMBER","","N","SYS_C00175953","产品类型","上游产品信息"
"OS_UP_PRODUCT","CARRIER_NO","VARCHAR2","","N","SYS_C00175954","运营商","上游产品信息"
"OS_UP_PRODUCT","PROVINCE_NO","VARCHAR2","","N","SYS_C00175955","省份","上游产品信息"
"OS_UP_PRODUCT","CITY_NO","VARCHAR2","","N","SYS_C00175956","地市","上游产品信息"
"OS_UP_PRODUCT","FACE_FEE","NUMBER","","N","SYS_C00189668","面值","上游产品信息"
"OS_UP_PRODUCT","NORMAL_PRICE","NUMBER","15","N","SYS_C00189669","标准价格","上游产品信息"
"OS_UP_PRODUCT","DEDUCT_PRICE","NUMBER","15","N","SYS_C00189670","扣款价格","上游产品信息"
"OS_UP_PRODUCT","GROUP_NO","VARCHAR2","","N","SYS_C00175960","分组编码","上游产品信息"
"OS_UP_PRODUCT","FLOW_ID","NUMBER","","Y","","流程编号","上游产品信息"
"OS_UP_PRODUCT","STATUS","NUMBER","","N","SYS_C00175962","状态","上游产品信息"
"OS_UP_PRODUCT","REMARK","VARCHAR2","","Y","","备注","上游产品信息"
"OS_UP_PRODUCT","EXTEND1","VARCHAR2","","Y","","扩展字段1","上游产品信息"
"OS_UP_PRODUCT","EXTEND2","VARCHAR2","","Y","","扩展字段2","上游产品信息"
"OS_UP_PRODUCT","EXTEND3","VARCHAR2","","Y","","扩展字段3","上游产品信息"
"OS_UP_PRODUCT","CREATE_USER","VARCHAR2","","N","SYS_C00175963","创建人","上游产品信息"
"OS_UP_PRODUCT","CREATE_TIME","DATE","","N","SYS_C00175964","创建时间","上游产品信息"
"OS_UP_PRODUCT","UPDATE_USER","VARCHAR2","","Y","","更新人","上游产品信息"
"OS_UP_PRODUCT","UPDATE_TIME","DATE","","Y","","更新时间","上游产品信息"
"OS_UP_REWARD_RULE","RULE_ID","NUMBER","","N","SYS_C00176112","规则编号","上游返佣规则"
"OS_UP_REWARD_RULE","RULE_ID","NUMBER","","N","PK_UP_REWARD_RULE","规则编号","上游返佣规则"
"OS_UP_REWARD_RULE","PRODUCT_NO","VARCHAR2","","N","SYS_C00176113","产品编码","上游返佣规则"
"OS_UP_REWARD_RULE","REWARD_TYPE","NUMBER","","N","SYS_C00176114","佣金类型: 1-金额 2-比例","上游返佣规则"
"OS_UP_REWARD_RULE","REWARD_TIMES","NUMBER","","N","SYS_C00176115","返佣次数","上游返佣规则"
"OS_UP_REWARD_RULE","FIRST_MONTH","NUMBER","","N","SYS_C00176116","首返月份: 0-当月 1-次月 2-第二月 3-第三月","上游返佣规则"
"OS_UP_REWARD_RULE","RULE_DETAIL","VARCHAR2","","N","SYS_C00176117","规则详情(JSONArray)","上游返佣规则"
"OS_UP_REWARD_RULE","STATUS","NUMBER","","N","SYS_C00176119","状态","上游返佣规则"
"OS_UP_REWARD_RULE","CREATE_USER","VARCHAR2","","N","SYS_C00176120","创建人","上游返佣规则"
"OS_UP_REWARD_RULE","CREATE_TIME","DATE","","N","SYS_C00176121","创建时间","上游返佣规则"
"OS_UP_REWARD_RULE","UPDATE_USER","VARCHAR2","","Y","","更新人","上游返佣规则"
"OS_UP_REWARD_RULE","UPDATE_TIME","DATE","","Y","","更新时间","上游返佣规则"
"OS_SYSTEM_PROVINCE","PROVINCE_NAME","VARCHAR2","","N","SYS_C00176149","省份名称","系统省份表(省/直辖市/特别行政区)"
"OS_SYSTEM_PROVINCE","PROVINCE_NO","VARCHAR2","","N","SYS_C00176148","省份编码","系统省份表(省/直辖市/特别行政区)"
"OS_SYSTEM_PROVINCE","PROVINCE_CODE","VARCHAR2","","N","SYS_C00176150","省份代码","系统省份表(省/直辖市/特别行政区)"
"OS_SYSTEM_PROVINCE","PROVINCE_CODE","VARCHAR2","","N","PK_SYSTEM_PROVINCE","省份代码","系统省份表(省/直辖市/特别行政区)"
"OS_SYSTEM_PROVINCE","SORT_NUM","NUMBER","","N","SYS_C00176151","排序编号","系统省份表(省/直辖市/特别行政区)"
"OS_SYSTEM_CITY","CITY_NO","VARCHAR2","","N","SYS_C00176153","地市编码","系统地市表(地级)"
"OS_SYSTEM_CITY","CITY_NAME","VARCHAR2","","N","SYS_C00176154","地市名称","系统地市表(地级)"
"OS_SYSTEM_CITY","CITY_CODE","VARCHAR2","","N","SYS_C00176155","地市代码","系统地市表(地级)"
"OS_SYSTEM_CITY","CITY_CODE","VARCHAR2","","N","PK_SYSTEM_CITY","地市代码","系统地市表(地级)"
"OS_SYSTEM_CITY","PROVINCE_NO","VARCHAR2","","N","SYS_C00176156","省份编码","系统地市表(地级)"
"OS_SYSTEM_AREA","AREA_NO","VARCHAR2","","N","SYS_C00176158","区县编码","系统区县表(县级)"
"OS_SYSTEM_AREA","AREA_NAME","VARCHAR2","","N","SYS_C00176159","区县名称","系统区县表(县级)"
"OS_SYSTEM_AREA","AREA_CODE","VARCHAR2","","N","SYS_C00176160","区县代码","系统区县表(县级)"
"OS_SYSTEM_AREA","AREA_CODE","VARCHAR2","","N","PK_SYSTEM_AREA","区县代码","系统区县表(县级)"
"OS_SYSTEM_AREA","CITY_NO","VARCHAR2","","N","SYS_C00176161","地市编码","系统区县表(县级)"
"OS_SYSTEM_AREA","PROVINCE_NO","VARCHAR2","","N","SYS_C00176162","省份编码","系统区县表(县级)"
"OS_SYSTEM_TOWN","TOWN_NO","VARCHAR2","","N","SYS_C00176164","乡镇街道编码","系统乡镇街道表(乡级)"
"OS_SYSTEM_TOWN","TOWN_NAME","VARCHAR2","","N","SYS_C00176165","乡镇街道名称","系统乡镇街道表(乡级)"
"OS_SYSTEM_TOWN","TOWN_CODE","VARCHAR2","","N","SYS_C00176166","乡镇街道代码","系统乡镇街道表(乡级)"
"OS_SYSTEM_TOWN","TOWN_CODE","VARCHAR2","","N","PK_SYSTEM_TOWN","乡镇街道代码","系统乡镇街道表(乡级)"
"OS_SYSTEM_TOWN","AREA_NO","VARCHAR2","","N","SYS_C00176167","区县编码","系统乡镇街道表(乡级)"
"OS_SYSTEM_TOWN","CITY_NO","VARCHAR2","","N","SYS_C00176168","地市编码","系统乡镇街道表(乡级)"
"OS_SYSTEM_TOWN","PROVINCE_NO","VARCHAR2","","N","SYS_C00176169","省份编码","系统乡镇街道表(乡级)"
"OS_ORDER_EXTEND","ORDER_NO","VARCHAR2","","N","SYS_C00176235","订单号","订单扩展表"
"OS_ORDER_EXTEND","ORDER_NO","VARCHAR2","","N","PK_ORDER_EXTEND","订单号","订单扩展表"
"OS_ORDER_EXTEND","CONTACT","VARCHAR2","","N","SYS_C00176236","联系人姓名","订单扩展表"
"OS_ORDER_EXTEND","CONTACT_PROV","VARCHAR2","","N","SYS_C00176237","联系人省份编码","订单扩展表"
"OS_ORDER_EXTEND","CONTACT_CITY","VARCHAR2","","Y","","联系人地市编码","订单扩展表"
"OS_ORDER_EXTEND","CONTACT_AREA","VARCHAR2","","Y","","联系人区域编码","订单扩展表"
"OS_ORDER_EXTEND","CONTACT_ADDR","VARCHAR2","","Y","","联系人详细地址","订单扩展表"
"OS_ORDER_EXTEND","ID_CARD","VARCHAR2","","N","SYS_C00176238","办理人身份证","订单扩展表"
"OS_ORDER_EXTEND","ID_CARD_NAME","VARCHAR2","","N","SYS_C00176239","办理人姓名","订单扩展表"
"OS_ORDER_EXTEND","ID_CARD_PIC_FRONT","VARCHAR2","","Y","","身份证照(国徽)","订单扩展表"
"OS_ORDER_EXTEND","ID_CARD_PIC_BACK","VARCHAR2","","Y","","身份证照(人像)","订单扩展表"
"OS_ORDER_EXTEND","ID_CARD_PIC_HAND","VARCHAR2","","Y","","身份证照(手持)","订单扩展表"
"OS_ORDER_EXTEND","MOBILE","VARCHAR2","","Y","","新手机号","订单扩展表"
"OS_ORDER_EXTEND","ACTIVATE_STATUS","NUMBER","","Y","","激活状态","订单扩展表"
"OS_ORDER_EXTEND","ACTIVATE_TIME","DATE","","Y","","激活时间","订单扩展表"
"OS_ORDER_EXTEND","RECHARGE_STATUS","NUMBER","","Y","","首充状态","订单扩展表"
"OS_ORDER_EXTEND","RECHARGE_TIME","DATE","","Y","","首充时间","订单扩展表"
"OS_ORDER_EXTEND","RECHARGE_FACE","NUMBER","","Y","","首充面值","订单扩展表"
"OS_ORDER_EXTEND","EXPRESS_NAME","VARCHAR2","","Y","","物流名称","订单扩展表"
"OS_ORDER_EXTEND","EXPRESS_NO","VARCHAR2","","Y","","物流单号","订单扩展表"
"OS_ORDER_EXTEND","NET_RANGE","NUMBER","","Y","","网络范围","订单扩展表"
"OS_ORDER_EXTEND","CREATE_TIME","DATE","","Y","","创建时间","订单扩展表"
"OS_ORDER_EXTEND","UPDATE_TIME","DATE","","Y","","更新时间","订单扩展表"
"OS_SYSTEM_DICTIONARY","RECORD_ID","NUMBER","","N","SYS_C00176343","字典编号","系统字典"
"OS_SYSTEM_DICTIONARY","RECORD_ID","NUMBER","","N","PK_SYSTEM_DICTIONARY","字典编号","系统字典"
"OS_SYSTEM_DICTIONARY","DICT_TYPE","VARCHAR2","","N","SYS_C00176344","字典类型","系统字典"
"OS_SYSTEM_DICTIONARY","DICT_VALUE","VARCHAR2","","N","SYS_C00176345","字典值","系统字典"
"OS_SYSTEM_DICTIONARY","DICT_DESC","VARCHAR2","","N","SYS_C00176346","字典说明","系统字典"
"OS_SYSTEM_DICTIONARY","SORT_NUM","NUMBER","","N","SYS_C00176347","排序编号","系统字典"
"OS_FLOW_STEP","STEP_ID","NUMBER","","N","SYS_C00176390","步骤编号","流程步骤"
"OS_FLOW_STEP","STEP_ID","NUMBER","","N","PK_FLOW_STEP","步骤编号","流程步骤"
"OS_FLOW_STEP","FLOW_ID","NUMBER","","N","SYS_C00176391","流程编号","流程步骤"
"OS_FLOW_STEP","STEP_NAME","VARCHAR2","","N","SYS_C00176392","步骤名称","流程步骤"
"OS_FLOW_STEP","STEP_INDEX","NUMBER","","N","SYS_C00176393","步骤索引","流程步骤"
"OS_FLOW_STEP","STEP_TYPE","VARCHAR2","","N","SYS_C00176394","步骤类型","流程步骤"
"OS_FLOW_STEP","STEP_MODE","NUMBER","","N","SYS_C00176395","步骤模式: 1-顺序 2-条件","流程步骤"
"OS_FLOW_STEP","SERVICE_CODE","VARCHAR2","","N","SYS_C00176396","服务编码","流程步骤"
"OS_FLOW_STEP","NEXT_STEP","NUMBER","","Y","","下一步骤","流程步骤"
"OS_FLOW_STEP","NEXT_TYPE","NUMBER","","Y","","下一步骤类型: 1-步骤 2-子流程","流程步骤"
"OS_FLOW_STEP","CND_ARGS","VARCHAR2","","Y","","条件参数(JSON)","流程步骤"
"OS_FLOW_STEP","RETRY_MAX_TIMES","NUMBER","","Y","","重试最大次数","流程步骤"
"OS_FLOW_STEP","CREATE_USER","VARCHAR2","","N","SYS_C00176397","创建人","流程步骤"
"OS_FLOW_STEP","CREATE_TIME","DATE","","Y","","创建时间","流程步骤"
"OS_FLOW_STEP","UPDATE_USER","VARCHAR2","","Y","","更新人","流程步骤"
"OS_FLOW_STEP","UPDATE_TIME","DATE","","Y","","更新时间","流程步骤"
"OS_AGENT_INFO","AGENT_TYPE","NUMBER","","N","SYS_C00176900","代理商类型: 1-普通代理 2-独家代理","代理商信息表"
"OS_AGENT_INFO","BALANCE","NUMBER","15","N","SYS_C00176894","总余额(￥)","代理商信息表"
"OS_AGENT_INFO","FC_BALANCE","NUMBER","15","N","SYS_C00176895","记账余额","代理商信息表"
"OS_AGENT_INFO","CASH_BALANCE","NUMBER","15","N","SYS_C00176896","现金余额","代理商信息表"
"OS_AGENT_INFO","REWARD_BALANCE","NUMBER","15","N","SYS_C00176897","赠款余额","代理商信息表"
"OS_AGENT_INFO","SYNC_FLAG","NUMBER","","N","SYS_C00176898","记账同步","代理商信息表"
"OS_AGENT_INFO","STATUS","NUMBER","","N","SYS_C00176899","状态","代理商信息表"
"OS_AGENT_INFO","REMARK","VARCHAR2","","Y","","备注","代理商信息表"
"OS_PLAT_ACCOUNT","ACCOUNT_ID","NUMBER","","N","SYS_C00177396","账号编号","开放平台账号"
"OS_PLAT_ACCOUNT","ACCOUNT_ID","NUMBER","","N","PK_PLAT_ACCOUNT","账号编号","开放平台账号"
"OS_PLAT_ACCOUNT","PLAT_NO","VARCHAR2","","N","SYS_C00177397","平台编号","开放平台账号"
"OS_PLAT_ACCOUNT","LOGIN_UID","VARCHAR2","","N","SYS_C00177398","登录账号","开放平台账号"
"OS_PLAT_ACCOUNT","LOGIN_PWD","VARCHAR2","","Y","","登录密码","开放平台账号"
"OS_PLAT_ACCOUNT","CREATE_USER","VARCHAR2","","N","SYS_C00177399","创建人","开放平台账号"
"OS_PLAT_ACCOUNT","CREATE_TIME","DATE","","N","SYS_C00177400","创建时间","开放平台账号"
"OS_PLAT_ACCOUNT_APP","APP_UID","NUMBER","","N","SYS_C00177402","应用编号","开放平台应用"
"OS_PLAT_ACCOUNT_APP","APP_UID","NUMBER","","N","PK_PLAT_ACCOUNT_APP","应用编号","开放平台应用"
"OS_PLAT_ACCOUNT_APP","ACCOUNT_ID","NUMBER","","N","SYS_C00177403","开放平台账号","开放平台应用"
"OS_PLAT_ACCOUNT_APP","AUTH_URL","VARCHAR2","","Y","","授权地址","开放平台应用"
"OS_PLAT_ACCOUNT_APP","APP_ID","VARCHAR2","","N","SYS_C00177404","应用ID","开放平台应用"
"OS_PLAT_ACCOUNT_APP","APP_NAME","VARCHAR2","","N","SYS_C00177405","应用名称","开放平台应用"
"OS_PLAT_ACCOUNT_APP","APP_SECRET","VARCHAR2","","N","SYS_C00177406","应用密钥","开放平台应用"
"OS_PLAT_ACCOUNT_APP","CALLBACK_URL","VARCHAR2","","Y","","回调地址","开放平台应用"
"OS_PLAT_ACCOUNT_APP","CREATE_USER","VARCHAR2","","N","SYS_C00177407","创建人","开放平台应用"
"OS_PLAT_ACCOUNT_APP","CREATE_TIME","DATE","","N","SYS_C00177408","创建时间","开放平台应用"
"OS_PLAT_INFO","PLAT_NO","VARCHAR2","","N","SYS_C00177938","平台编号","投放平台信息"
"OS_PLAT_INFO","PLAT_NO","VARCHAR2","","N","PK_PLAT_INFO","平台编号","投放平台信息"
"OS_PLAT_INFO","PLAT_NAME","VARCHAR2","","N","SYS_C00177939","平台名称","投放平台信息"
"OS_PLAT_INFO","PLAT_CODE","VARCHAR2","","N","SYS_C00177940","平台代码","投放平台信息"
"OS_PLAT_INFO","AD_LOGIN_URL","VARCHAR2","","Y","","投放登录地址","投放平台信息"
"OS_PLAT_INFO","REPORT_URL","VARCHAR2","","Y","","回码上报地址","投放平台信息"
"OS_PLAT_INFO","CREATE_USER","VARCHAR2","","Y","","创建人","投放平台信息"
"OS_PLAT_INFO","CREATE_TIME","DATE","","N","SYS_C00177941","创建时间","投放平台信息"
"OS_PLAT_INFO","OP_LOGIN_URL","VARCHAR2","","Y","","开放平台登录地址","投放平台信息"
"OS_UP_FUND_CHANGE","ORDER_NO","VARCHAR2","","N","SYS_C00186453","订单号","上游资金变动表"
"OS_UP_FUND_CHANGE","RECORD_ID","NUMBER","","N","SYS_C00186452","记录编号","上游资金变动表"
"OS_UP_FUND_CHANGE","RECORD_ID","NUMBER","","N","PK_UP_FUND_CHANGE","记录编号","上游资金变动表"
"OS_UP_FUND_CHANGE","DELIVERY_ID","NUMBER","","N","SYS_C00186454","发货编号","上游资金变动表"
"OS_UP_FUND_CHANGE","CHANNEL_NO","VARCHAR2","","N","SYS_C00186455","渠道编号","上游资金变动表"
"OS_UP_FUND_CHANGE","CHANGE_TYPE","NUMBER","","N","SYS_C00186456","变动类型","上游资金变动表"
"OS_UP_FUND_CHANGE","CHANGE_MONEY","NUMBER","15","N","SYS_C00186457","变动金额","上游资金变动表"
"OS_UP_FUND_CHANGE","CHANGE_AFTER","NUMBER","15","N","SYS_C00186458","变动前余额","上游资金变动表"
"OS_UP_FUND_CHANGE","CHANGE_BEFORE","NUMBER","15","N","SYS_C00186459","变动后余额","上游资金变动表"
"OS_WARN_MESSAGE","RECORD_ID","NUMBER","20","N","SYS_C00186615","记录编号","告警消息表"
"OS_WARN_MESSAGE","RECORD_ID","NUMBER","20","N","PK_WARN_MESSAGE","记录编号","告警消息表"
"OS_WARN_MESSAGE","WARN_TITLE","VARCHAR2","","N","SYS_C00186616","告警标题","告警消息表"
"OS_WARN_MESSAGE","WARN_LEVEL","NUMBER","","N","SYS_C00186620","告警级别","告警消息表"
"OS_WARN_MESSAGE","KEYWORD","VARCHAR2","","N","SYS_C00186617","告警关键字","告警消息表"
"OS_WARN_MESSAGE","CONTENT","VARCHAR2","","Y","","告警内容","告警消息表"
"OS_WARN_CONFIG","WARN_UID","VARCHAR2","","N","SYS_C00186646","告警标识(方法名称)","告警配置表"
"OS_WARN_CONFIG","WARN_UID","VARCHAR2","","N","PK_WARN_CONFIG","告警标识(方法名称)","告警配置表"
"OS_WARN_CONFIG","WARN_TITLE","VARCHAR2","","N","SYS_C00186647","告警标题","告警配置表"
"OS_WARN_CONFIG","WARN_LEVEL","NUMBER","5","N","SYS_C00186648","告警级别","告警配置表"
"OS_WARN_CONFIG","KEYWORD","VARCHAR2","","N","SYS_C00186649","告警关键字","告警配置表"
"OS_WARN_CONFIG","INTERVAL","NUMBER","10","Y","","执行间隔时间(秒)","告警配置表"
"OS_WARN_CONFIG","STATUS","NUMBER","1","N","SYS_C00186650","状态: 0-启用 1-禁用","告警配置表"
"OS_WARN_CONFIG","PAUSE_TIME","DATE","","Y","","暂停时间","告警配置表"
"OS_WARN_CONFIG","LAST_EXEC_TIME","DATE","","Y","","上次执行时间","告警配置表"
"OS_WARN_CONFIG","LAST_SPEND_TIME","NUMBER","20","Y","","上次执行花费(毫秒)","告警配置表"
"OS_WARN_CONFIG","LAST_WARN_TIME","DATE","","Y","","上次告警时间","告警配置表"
"OS_WARN_CONFIG","NEXT_EXEC_TIME","DATE","","Y","","下次执行时间","告警配置表"
"OS_WARN_CONFIG","TOTAL_SECONDS","NUMBER","20","Y","","执行总时长(秒)","告警配置表"
"OS_WARN_CONFIG","TOTAL_COUNT","NUMBER","20","Y","","执行总次数","告警配置表"
"OS_WARN_CONFIG","ERROR_COUNT","NUMBER","20","Y","","执行错误数","告警配置表"
"OS_ORDER_REWARD","RECORD_ID","NUMBER","","N","PK_ORDER_REWARD","记录编号","订单返佣记录"
"OS_ORDER_REWARD","RECORD_ID","NUMBER","","N","SYS_C00186667","记录编号","订单返佣记录"
"OS_ORDER_REWARD","DELIVERY_ID","NUMBER","","N","SYS_C00186668","发货编号","订单返佣记录"
"OS_ORDER_REWARD","REWARD_MONTH","NUMBER","","N","SYS_C00186669","返佣月份","订单返佣记录"
"OS_ORDER_REWARD","REWARD_AMOUNT","NUMBER","15","N","SYS_C00186670","返佣金额","订单返佣记录"
"OS_UP_REWARD_GRADE","RECORD_ID","NUMBER","","N","PK_UP_REWARD_GRADE","记录编号","上游返佣等级"
"OS_UP_REWARD_GRADE","RECORD_ID","NUMBER","","N","SYS_C00186779","记录编号","上游返佣等级"
"OS_UP_REWARD_GRADE","CHANNEL_NO","VARCHAR2","","N","SYS_C00186780","渠道编号","上游返佣等级"
"OS_UP_REWARD_GRADE","BUSINESS_TYPE","NUMBER","","N","SYS_C00186781","业务类型","上游返佣等级"
"OS_UP_REWARD_GRADE","PRODUCT_TYPE","NUMBER","","N","SYS_C00186782","产品类型: 0-所有","上游返佣等级"
"OS_UP_REWARD_GRADE","GRADE_RULE","VARCHAR2","","N","SYS_C00186783","等级规则(JSONArray)","上游返佣等级"
"OS_UP_REWARD_GRADE","START_DATE","DATE","","N","SYS_C00186784","开始时间","上游返佣等级"
"OS_UP_REWARD_GRADE","END_DATE","DATE","","N","SYS_C00186785","结束时间","上游返佣等级"
"OS_UP_REWARD_GRADE","CREATE_USER","VARCHAR2","","N","SYS_C00186786","创建人","上游返佣等级"
"OS_UP_REWARD_GRADE","CREATE_TIME","DATE","","N","SYS_C00186787","创建时间","上游返佣等级"
"OS_UP_REWARD_GRADE","UPDATE_USER","VARCHAR2","","Y","","更新人","上游返佣等级"
"OS_UP_REWARD_GRADE","UPDATE_TIME","DATE","","Y","","更新时间","上游返佣等级"
"OS_AGENT_FUND_CHANGE","RECORD_ID","NUMBER","","N","SYS_C00187064","记录编号","代理商资金变动"
"OS_AGENT_FUND_CHANGE","RECORD_ID","NUMBER","","N","PK_AGENT_FUND_CHANGE","记录编号","代理商资金变动"
"OS_AGENT_FUND_CHANGE","AGENT_NO","VARCHAR2","","N","SYS_C00187065","代理商编号","代理商资金变动"
"OS_AGENT_FUND_CHANGE","ACCOUNT_ID","NUMBER","","Y","","账户编号","代理商资金变动"
"OS_AGENT_FUND_CHANGE","CHANGE_TYPE","NUMBER","","N","SYS_C00187066","资金类型: 1-打款 2-退款","代理商资金变动"
"OS_AGENT_FUND_CHANGE","CHANGE_MONEY","NUMBER","15","N","SYS_C00187067","金额","代理商资金变动"
"OS_AGENT_FUND_CHANGE","REMARK","VARCHAR2","","Y","","备注","代理商资金变动"
"OS_AGENT_FUND_CHANGE","CREATE_USER","VARCHAR2","","N","SYS_C00187068","创建人","代理商资金变动"
"OS_AGENT_FUND_CHANGE","CREATE_TIME","DATE","","N","SYS_C00187069","创建时间","代理商资金变动"
"OS_AGENT_ACCOUNT_REBATE","RECORD_ID","NUMBER","","N","SYS_C00187697","记录编号","代理商返点配置"
"OS_AGENT_ACCOUNT_REBATE","RECORD_ID","NUMBER","","N","PK_AGENT_ACCOUNT_REBATE","记录编号","代理商返点配置"
"OS_AGENT_ACCOUNT_REBATE","ADVERTISER_UID","NUMBER","","N","SYS_C00187699","广告主编号","代理商返点配置"
"OS_AGENT_ACCOUNT_REBATE","REBATE_TYPE","NUMBER","","N","SYS_C00187705","返点类型: 1-代理商返点 2-头条返货","代理商返点配置"
"OS_AGENT_ACCOUNT_REBATE","REBATE_RATE","NUMBER","15","N","SYS_C00187700","返点率","代理商返点配置"
"OS_AGENT_ACCOUNT_REBATE","START_TIME","DATE","","N","SYS_C00187701","返点开始时间","代理商返点配置"
"OS_AGENT_ACCOUNT_REBATE","END_TIME","DATE","","Y","","返点结束时间","代理商返点配置"
"OS_AGENT_ACCOUNT_REBATE","CREATE_USER","VARCHAR2","","N","SYS_C00187702","创建人","代理商返点配置"
"OS_AGENT_ACCOUNT_REBATE","CREATE_TIME","DATE","","N","SYS_C00187703","创建时间","代理商返点配置"
"OS_AGENT_ACCOUNT_REBATE","UPDATE_USER","VARCHAR2","","Y","","更新人","代理商返点配置"
"OS_AGENT_ACCOUNT_REBATE","UPDATE_TIME","DATE","","Y","","更新时间","代理商返点配置"
"OS_UP_REWARD_HISTORY","RECORD_ID","NUMBER","","N","SYS_C00187715","记录编号","上游返佣历史记录"
"OS_UP_REWARD_HISTORY","RECORD_ID","NUMBER","","N","PK_UP_REWARD_HISTORY","记录编号","上游返佣历史记录"
"OS_UP_REWARD_HISTORY","CHANNEL_NO","VARCHAR2","","N","SYS_C00187706","上游渠道编号","上游返佣历史记录"
"OS_UP_REWARD_HISTORY","BUSINESS_TYPE","NUMBER","","N","SYS_C00187707","业务类型","上游返佣历史记录"
"OS_UP_REWARD_HISTORY","PRODUCT_TYPE","NUMBER","","N","SYS_C00187708","产品类型: 0-所有","上游返佣历史记录"
"OS_UP_REWARD_HISTORY","REWARD_MONTH","DATE","","N","SYS_C00187709","实际返佣月份","上游返佣历史记录"
"OS_UP_REWARD_HISTORY","REWARD_MONEY","NUMBER","16","N","SYS_C00187710","实际返佣金额","上游返佣历史记录"
"OS_UP_REWARD_HISTORY","REMARK","VARCHAR2","","Y","","备注","上游返佣历史记录"
"OS_UP_REWARD_HISTORY","CREATE_USER","VARCHAR2","","N","SYS_C00187712","创建人","上游返佣历史记录"
"OS_UP_REWARD_HISTORY","CREATE_TIME","DATE","","N","SYS_C00187713","创建时间","上游返佣历史记录"
"OS_AGENT_REWARD_HISTORY","RECORD_ID","NUMBER","","N","SYS_C00187725","记录编号","代理商返货记录"
"OS_AGENT_REWARD_HISTORY","RECORD_ID","NUMBER","","N","PK_AGENT_REWARD_HISTORY","记录编号","代理商返货记录"
"OS_AGENT_REWARD_HISTORY","AGENT_NO","VARCHAR2","","N","SYS_C00187716","代理商编号","代理商返货记录"
"OS_AGENT_REWARD_HISTORY","BUSINESS_TYPE","NUMBER","","N","SYS_C00187717","业务类型","代理商返货记录"
"OS_AGENT_REWARD_HISTORY","RETURN_MONTH","DATE","","N","SYS_C00187718","返货月份(yyyymm)","代理商返货记录"
"OS_AGENT_REWARD_HISTORY","RETURN_MONEY","NUMBER","16","N","SYS_C00187719","返货金额(￥)","代理商返货记录"
"OS_AGENT_REWARD_HISTORY","REFUND_MONEY","NUMBER","16","N","SYS_C00187720","赔付金额(￥)","代理商返货记录"
"OS_AGENT_REWARD_HISTORY","REMARK","VARCHAR2","","Y","","备注","代理商返货记录"
"OS_AGENT_REWARD_HISTORY","CREATE_USER","VARCHAR2","","N","SYS_C00187723","创建人","代理商返货记录"
"OS_AGENT_REWARD_HISTORY","CREATE_TIME","DATE","","N","SYS_C00187724","创建时间","代理商返货记录"
"OS_AGENT_ADVERTISER_COST","RECORD_ID","NUMBER","","N","SYS_C00187862","记录编号","代理商广告主消耗"
"OS_AGENT_ADVERTISER_COST","RECORD_ID","NUMBER","","N","PK_AGENT_ADVERTISER_COST","记录编号","代理商广告主消耗"
"OS_AGENT_ADVERTISER_COST","ADVERTISER_UID","NUMBER","","N","SYS_C00187863","广告主编号","代理商广告主消耗"
"OS_AGENT_ADVERTISER_COST","AD_GROUP_NO","VARCHAR2","","Y","","广告组编号（废弃）","代理商广告主消耗"
"OS_AGENT_ADVERTISER_COST","AD_GROUP_NAME","VARCHAR2","","Y","","广告组名称（废弃）","代理商广告主消耗"
"OS_AGENT_ADVERTISER_COST","AD_PLAN_NO","VARCHAR2","","Y","","计划编号（废弃）","代理商广告主消耗"
"OS_AGENT_ADVERTISER_COST","AD_PLAN_NAME","VARCHAR2","","Y","","计划名称（废弃）","代理商广告主消耗"
"OS_AGENT_ADVERTISER_COST","AD_CREATIVE_NO","VARCHAR2","","Y","","创意编号（废弃）","代理商广告主消耗"
"OS_AGENT_ADVERTISER_COST","REPORT_TIME","DATE","","N","SYS_C00187864","报表时间","代理商广告主消耗"
"OS_AGENT_ADVERTISER_COST","TOTAL_CONVERT","NUMBER","","N","SYS_C00187865","转化数","代理商广告主消耗"
"OS_AGENT_ADVERTISER_COST","TOTAL_COST","NUMBER","15","N","SYS_C00189674","总消耗(现金支出+赠款支出)","代理商广告主消耗"
"OS_AGENT_ADVERTISER_COST","REBATE_RATE","NUMBER","15","N","SYS_C00187867","当前返点比例(代理商)","代理商广告主消耗"
"OS_AGENT_ADVERTISER_COST","RETURN_RATE","NUMBER","15","Y","","当前返货比例(头条)","代理商广告主消耗"
"OS_AGENT_ADVERTISER_COST","REAL_COST","NUMBER","15","N","SYS_C00189675","实际消耗(￥)【总消耗/(1+代理商返点+(1+代理商返点)*头条返货比例))】","代理商广告主消耗"
"OS_AGENT_ADVERTISER_COST","TOTAL_SHOW","NUMBER","","N","SYS_C00187869","展示数","代理商广告主消耗"
"OS_AGENT_ADVERTISER_COST","TOTAL_CLICK","NUMBER","","N","SYS_C00187870","点击数","代理商广告主消耗"
"OS_AGENT_ADVERTISER_COST","TOTAL_PLAY","NUMBER","","Y","","播放数","代理商广告主消耗"
"OS_AGENT_ADVERTISER_COST","VALID_PLAY","NUMBER","","Y","","有效播放数","代理商广告主消耗"
"OS_AGENT_ADVERTISER_COST","PLAY_OVER_RATE","NUMBER","15","Y","","完播率","代理商广告主消耗"
"OS_AGENT_ADVERTISER_COST","VALID_PLAY_RATE","NUMBER","15","Y","","有效播放率","代理商广告主消耗"
"OS_AGENT_ADVERTISER_COST","CREATE_TIME","DATE","","N","SYS_C00187871","创建时间","代理商广告主消耗"
"OS_AGENT_ACCOUNT","ACCOUNT_ID","NUMBER","","N","SYS_C00187895","账号编号","代理商登录账号信息"
"OS_AGENT_ACCOUNT","ACCOUNT_ID","NUMBER","","N","PK_AGENT_ACCOUNT","账号编号","代理商登录账号信息"
"OS_AGENT_ACCOUNT","PLAT_NO","VARCHAR2","","N","SYS_C00187896","平台编号","代理商登录账号信息"
"OS_AGENT_ACCOUNT","AGENT_NO","VARCHAR2","","N","SYS_C00187897","代理商编号","代理商登录账号信息"
"OS_AGENT_ACCOUNT","LOGIN_UID","VARCHAR2","","N","UNIQUE_LOGIN_UID","登录账号","代理商登录账号信息"
"OS_AGENT_ACCOUNT","LOGIN_UID","VARCHAR2","","N","SYS_C00187902","登录账号","代理商登录账号信息"
"OS_AGENT_ACCOUNT","LOGIN_PWD","VARCHAR2","","Y","","登录密码","代理商登录账号信息"
"OS_AGENT_ACCOUNT","STATUS","NUMBER","","N","SYS_C00187903","状态","代理商登录账号信息"
"OS_AGENT_ACCOUNT","REMARK","VARCHAR2","","Y","","备注","代理商登录账号信息"
"OS_AGENT_ACCOUNT","CREATE_USER","VARCHAR2","","N","SYS_C00187904","创建人","代理商登录账号信息"
"OS_AGENT_ACCOUNT","CREATE_TIME","DATE","","N","SYS_C00187905","创建时间","代理商登录账号信息"
"OS_AGENT_ACCOUNT","UPDATE_USER","VARCHAR2","","Y","","更新人","代理商登录账号信息"
"OS_AGENT_ACCOUNT","UPDATE_TIME","DATE","","Y","","更新时间","代理商登录账号信息"
"OS_DOWN_ACCOUNT","CREATE_USER","VARCHAR2","","N","SYS_C00187925","创建人","下游渠道账户"
"OS_DOWN_ACCOUNT","CREATE_TIME","DATE","","N","SYS_C00187926","创建时间","下游渠道账户"
"OS_DOWN_ACCOUNT","UPDATE_USER","VARCHAR2","","Y","","更新人","下游渠道账户"
"OS_DOWN_ACCOUNT","CHANNEL_NO","VARCHAR2","","N","SYS_C00187927","渠道编号","下游渠道账户"
"OS_DOWN_ACCOUNT","CHANNEL_NO","VARCHAR2","","N","PK_DOWN_ACCOUNT","渠道编号","下游渠道账户"
"OS_DOWN_ACCOUNT","LOGIN_UID","VARCHAR2","","N","SYS_C00187928","登录账号","下游渠道账户"
"OS_DOWN_ACCOUNT","LOGIN_PWD","VARCHAR2","","N","SYS_C00187929","登录密码","下游渠道账户"
"OS_DOWN_ACCOUNT","API_KEY","VARCHAR2","","Y","","接口KEY","下游渠道账户"
"OS_DOWN_ACCOUNT","UPDATE_TIME","DATE","","Y","","更新时间","下游渠道账户"
"OS_DOWN_ACCOUNT","NOTIFY_URL","VARCHAR2","","Y","","通知地址","下游渠道账户"
"OS_ORDER_NOTIFY","ORDER_NO","VARCHAR2","","N","SYS_C00187942","订单号","订单通知记录"
"OS_ORDER_NOTIFY","RECORD_ID","NUMBER","","N","SYS_C00187941","记录编号","订单通知记录"
"OS_ORDER_NOTIFY","RECORD_ID","NUMBER","","N","PK_ORDER_NOTIFY","记录编号","订单通知记录"
"OS_ORDER_NOTIFY","NOTIFY_TYPE","NUMBER","","N","SYS_C00187943","通知类型: 1-订单状态 2-平台回码(表单提交) 3-平台回码(有效获客) 4-号卡激活","订单通知记录"
"OS_ORDER_NOTIFY","NOTIFY_STATUS","NUMBER","","N","SYS_C00187944","通知状态","订单通知记录"
"OS_ORDER_NOTIFY","RESULT_MSG","VARCHAR2","","Y","","通知结果","订单通知记录"
"OS_ORDER_NOTIFY","SERVICE_CODE","VARCHAR2","","Y","","服务编码","订单通知记录"
"OS_ORDER_NOTIFY","NOTIFY_URL","VARCHAR2","","Y","","通知地址","订单通知记录"
"OS_ORDER_NOTIFY","SERVER_IP","VARCHAR2","","Y","","服务器IP","订单通知记录"
"OS_ORDER_NOTIFY","NOTIFY_TIMES","NUMBER","","Y","","通知次数","订单通知记录"
"OS_ORDER_NOTIFY","NOTIFY_MAX_TIMES","NUMBER","","Y","","通知最大次数","订单通知记录"
"OS_ORDER_NOTIFY","NOTIFY_BATCH_ID","NUMBER","","Y","","通知批次号","订单通知记录"
"OS_ORDER_NOTIFY","NOTIFY_NEXT_TIME","DATE","","Y","","下次通知时间","订单通知记录"
"OS_ORDER_NOTIFY","NOTIFY_LAST_TIME","DATE","","Y","","上次通知时间","订单通知记录"
"OS_ORDER_NOTIFY","CREATE_TIME","DATE","","Y","","创建时间","订单通知记录"
"OS_DOWN_FUND_CHANGE","ORDER_NO","VARCHAR2","","N","SYS_C00187946","订单号","下游资金变动"
"OS_DOWN_FUND_CHANGE","ORDER_NO","VARCHAR2","","N","PK_DOWN_FUND_CHANGE","订单号","下游资金变动"
"OS_DOWN_FUND_CHANGE","CHANNEL_NO","VARCHAR2","","N","SYS_C00187947","渠道编号","下游资金变动"
"OS_DOWN_FUND_CHANGE","CHANGE_TYPE","NUMBER","","N","SYS_C00187948","变动类型","下游资金变动"
"OS_DOWN_FUND_CHANGE","CHANGE_MONEY","NUMBER","15","Y","","变动金额","下游资金变动"
"OS_DOWN_FUND_CHANGE","CHANGE_AFTER","NUMBER","15","Y","","变动前余额","下游资金变动"
"OS_DOWN_FUND_CHANGE","CHANGE_BEFORE","NUMBER","15","Y","","变动后余额","下游资金变动"
"OS_DOWN_FUND_CHANGE","REMARK","VARCHAR2","","Y","","备注","下游资金变动"
"OS_DOWN_FUND_CHANGE","SYNC_STATUS","NUMBER","","Y","","同步状态","下游资金变动"
"OS_DOWN_FUND_CHANGE","SYNC_MSG","VARCHAR2","","Y","","同步消息","下游资金变动"
"OS_DOWN_FUND_CHANGE","SYNC_IP","VARCHAR2","","Y","","同步IP","下游资金变动"
"OS_DOWN_FUND_CHANGE","SYNC_TIMES","NUMBER","","Y","","同步次数","下游资金变动"
"OS_DOWN_FUND_CHANGE","SYNC_FINISH_TIME","DATE","","Y","","同步完成时间","下游资金变动"
"OS_DOWN_FUND_CHANGE","SYNC_NEXT_TIME","DATE","","Y","","下次同步时间","下游资金变动"
"OS_DOWN_FUND_CHANGE","BATCH_NO","NUMBER","","Y","","同步批次","下游资金变动"
"OS_DOWN_FUND_CHANGE","CREATE_USER","VARCHAR2","","Y","","创建人","下游资金变动"
"OS_DOWN_FUND_CHANGE","CREATE_TIME","DATE","","N","SYS_C00187952","创建时间","下游资金变动"
"OS_ORDER_REWARD","SYNC_IP","VARCHAR2","","Y","","同步IP","订单返佣记录"
"OS_ORDER_REWARD","SYNC_STATUS","NUMBER","","Y","","同步状态","订单返佣记录"
"OS_ORDER_REWARD","SYNC_MSG","VARCHAR2","","Y","","同步消息","订单返佣记录"
"OS_ORDER_REWARD","SYNC_TIMES","NUMBER","","Y","","同步次数","订单返佣记录"
"OS_ORDER_REWARD","SYNC_FINISH_TIME","DATE","","Y","","同步完成时间","订单返佣记录"
"OS_ORDER_REWARD","SYNC_NEXT_TIME","DATE","","Y","","下次同步时间","订单返佣记录"
"OS_ORDER_REWARD","BATCH_NO","NUMBER","","Y","","同步批次","订单返佣记录"
"OS_ORDER_REWARD","CREATE_TIME","DATE","","N","SYS_C00187956","创建时间","订单返佣记录"
"OS_UP_CHANNEL","CHANNEL_NO","VARCHAR2","","N","SYS_C00187959","渠道编号","上游渠道信息"
"OS_UP_CHANNEL","CHANNEL_NO","VARCHAR2","","N","PK_UP_CHANNEL","渠道编号","上游渠道信息"
"OS_UP_CHANNEL","CHANNEL_NAME","VARCHAR2","","N","SYS_C00187960","渠道名称","上游渠道信息"
"OS_UP_CHANNEL","CHANNEL_CODE","VARCHAR2","","Y","","渠道编码(开发人员配置)","上游渠道信息"
"OS_UP_CHANNEL","API_UID","VARCHAR2","","Y","","接口UID","上游渠道信息"
"OS_UP_CHANNEL","API_SECRET","VARCHAR2","","Y","","接口SECRET","上游渠道信息"
"OS_UP_CHANNEL","NOTIFY_URL","VARCHAR2","","Y","","通知地址","上游渠道信息"
"OS_UP_CHANNEL","LOGIN_UID","VARCHAR2","","Y","","后台账号","上游渠道信息"
"OS_UP_CHANNEL","LOGIN_PWD","VARCHAR2","","Y","","后台密码","上游渠道信息"
"OS_UP_CHANNEL","BALANCE","NUMBER","15","N","SYS_C00189906","渠道余额","上游渠道信息"
"OS_UP_CHANNEL","CAN_QUERY","NUMBER","","N","SYS_C00187962","支持查询","上游渠道信息"
"OS_UP_CHANNEL","QUERY_DELAY","NUMBER","","Y","","首次查询延迟","上游渠道信息"
"OS_UP_CHANNEL","QUERY_INTVL","NUMBER","","Y","","查询间隔","上游渠道信息"
"OS_UP_CHANNEL","QUERY_MAX_TIMES","NUMBER","","Y","","最大查询次数","上游渠道信息"
"OS_UP_CHANNEL","SYNC_FLAG","NUMBER","","N","SYS_C00187965","同步记账: 0-同步 1-不同步","上游渠道信息"
"OS_UP_CHANNEL","PRINCIPAL","VARCHAR2","","Y","","负责人","上游渠道信息"
"OS_UP_CHANNEL","STATUS","NUMBER","","N","SYS_C00187966","状态","上游渠道信息"
"OS_UP_CHANNEL","REMARK","VARCHAR2","","Y","","备注","上游渠道信息"
"OS_UP_CHANNEL","CREATE_USER","VARCHAR2","","Y","","创建人","上游渠道信息"
"OS_UP_CHANNEL","CREATE_TIME","DATE","","N","SYS_C00187967","创建时间","上游渠道信息"
"OS_UP_CHANNEL","UPDATE_USER","VARCHAR2","","Y","","更新人","上游渠道信息"
"OS_UP_CHANNEL","UPDATE_TIME","DATE","","N","SYS_C00187968","更新时间","上游渠道信息"
"OS_UP_FUND_CHANGE","REMARK","VARCHAR2","","Y","","备注","上游资金变动表"
"OS_UP_FUND_CHANGE","SYNC_STATUS","NUMBER","","Y","","同步状态","上游资金变动表"
"OS_UP_FUND_CHANGE","SYNC_MSG","VARCHAR2","","Y","","同步消息","上游资金变动表"
"OS_UP_FUND_CHANGE","SYNC_IP","VARCHAR2","","Y","","同步IP","上游资金变动表"
"OS_UP_FUND_CHANGE","SYNC_TIMES","NUMBER","","Y","","同步次数","上游资金变动表"
"OS_UP_FUND_CHANGE","SYNC_FINISH_TIME","DATE","","Y","","同步完成时间","上游资金变动表"
"OS_UP_FUND_CHANGE","SYNC_NEXT_TIME","DATE","","Y","","下次同步时间","上游资金变动表"
"OS_UP_FUND_CHANGE","BATCH_NO","NUMBER","","Y","","同步批次","上游资金变动表"
"OS_UP_FUND_CHANGE","CREATE_USER","VARCHAR2","","Y","","创建人","上游资金变动表"
"OS_UP_FUND_CHANGE","CREATE_TIME","DATE","","N","SYS_C00187970","创建时间","上游资金变动表"
"OS_WARN_MESSAGE","SYNC_STATUS","NUMBER","","Y","","同步状态","告警消息表"
"OS_WARN_MESSAGE","SYNC_MSG","VARCHAR2","","Y","","同步消息","告警消息表"
"OS_WARN_MESSAGE","SYNC_IP","VARCHAR2","","Y","","同步IP","告警消息表"
"OS_WARN_MESSAGE","SYNC_TIMES","NUMBER","","Y","","同步次数","告警消息表"
"OS_WARN_MESSAGE","SYNC_FINISH_TIME","DATE","","Y","","同步完成时间","告警消息表"
"OS_WARN_MESSAGE","SYNC_NEXT_TIME","DATE","","Y","","下次同步时间","告警消息表"
"OS_WARN_MESSAGE","BATCH_NO","NUMBER","","Y","","同步批次","告警消息表"
"OS_WARN_MESSAGE","CREATE_TIME","DATE","","N","SYS_C00187971","创建时间","告警消息表"
"OS_AGENT_INFO","CREATE_USER","VARCHAR2","","Y","","创建人","代理商信息表"
"OS_AGENT_INFO","CREATE_TIME","DATE","","N","SYS_C00187972","创建时间","代理商信息表"
"OS_AGENT_INFO","UPDATE_USER","VARCHAR2","","Y","","更新人","代理商信息表"
"OS_AGENT_INFO","UPDATE_TIME","DATE","","Y","","更新时间","代理商信息表"
"OS_PAY_ACCOUNT_RATE","CREATE_USER","VARCHAR2","","Y","","创建人","支付账号费率"
"OS_PAY_ACCOUNT_RATE","CREATE_TIME","DATE","","N","SYS_C00187974","创建时间","支付账号费率"
"OS_PAY_ACCOUNT_RATE","UDPATE_USER","VARCHAR2","","Y","","更新人","支付账号费率"
"OS_PAY_ACCOUNT_RATE","UPDATE_TIME","DATE","","N","SYS_C00187975","更新时间","支付账号费率"
"OS_PLAT_ACCOUNT","UPDATE_USER","VARCHAR2","","Y","","更新人","开放平台账号"
"OS_PLAT_ACCOUNT","UPDATE_TIME","DATE","","N","SYS_C00187976","更新时间","开放平台账号"
"OS_PLAT_ACCOUNT_APP","UPDATE_USER","VARCHAR2","","Y","","更新人","开放平台应用"
"OS_PLAT_ACCOUNT_APP","UPDATE_TIME","DATE","","N","SYS_C00187977","更新时间","开放平台应用"
"OS_PLAT_INFO","UPDATE_USER","VARCHAR2","","Y","","更新人","投放平台信息"
"OS_PLAT_INFO","UPDATE_TIME","DATE","","Y","","更新时间","投放平台信息"
"OS_UP_PRODUCT_GROUP","GROUP_NO","VARCHAR2","","N","SYS_C00188021","分组编码","上游产品分组"
"OS_UP_PRODUCT_GROUP","GROUP_NO","VARCHAR2","","N","PK_UP_PRODUCT_GROUP","分组编码","上游产品分组"
"OS_UP_PRODUCT_GROUP","GROUP_NAME","VARCHAR2","","N","SYS_C00188022","分组名称","上游产品分组"
"OS_UP_PRODUCT_GROUP","REMARK","VARCHAR2","","Y","","备注","上游产品分组"
"OS_UP_PRODUCT_GROUP","CREATE_USER","VARCHAR2","","N","SYS_C00188023","创建人","上游产品分组"
"OS_UP_PRODUCT_GROUP","CREATE_TIME","DATE","","N","SYS_C00188024","创建时间","上游产品分组"
"OS_UP_PRODUCT_GROUP","UPDATE_USER","VARCHAR2","","Y","","更新人","上游产品分组"
"OS_UP_PRODUCT_GROUP","UPDATE_TIME","DATE","","N","SYS_C00188025","更新时间","上游产品分组"
"OS_AGENT_DOMAIN","RECORD_ID","NUMBER","","N","PK_AGENT_DOMAIN","记录编号","代理商域名"
"OS_AGENT_DOMAIN","AGENT_NO","VARCHAR2","","N","SYS_C00188264","代理商编号","代理商域名"
"OS_AGENT_DOMAIN","AGENT_DOMAIN","VARCHAR2","","N","SYS_C00188265","代理商域名","代理商域名"
"OS_AGENT_DOMAIN","USE_DATE","DATE","","N","SYS_C00188266","域名使用日期","代理商域名"
"OS_AGENT_DOMAIN","EXPIRED_DATE","DATE","","N","SYS_C00188267","证书失效日期","代理商域名"
"OS_AGENT_DOMAIN","STATUS","NUMBER","","N","SYS_C00188268","状态: 0-启用 1-禁用","代理商域名"
"OS_AGENT_DOMAIN","PRINCIPAL","VARCHAR2","","N","SYS_C00188269","负责人","代理商域名"
"OS_AGENT_DOMAIN","REMARK","VARCHAR2","","Y","","备注","代理商域名"
"OS_AGENT_DOMAIN","CREATE_USER","VARCHAR2","","N","SYS_C00188270","创建人","代理商域名"
"OS_AGENT_DOMAIN","CREATE_TIME","DATE","","N","SYS_C00188271","创建时间","代理商域名"
"OS_AGENT_DOMAIN","UPDATE_USER","VARCHAR2","","Y","","更新人","代理商域名"
"OS_AGENT_DOMAIN","UPDATE_TIME","DATE","","Y","","更新时间","代理商域名"
"OS_AGENT_ADVERTISER_FUND","RECORD_ID","NUMBER","","N","SYS_C00188491","记录编号","广告主资金流水(日流水)"
"OS_AGENT_ADVERTISER_FUND","RECORD_ID","NUMBER","","N","PK_AGENT_ADVERTISER_FUND","记录编号","广告主资金流水(日流水)"
"OS_AGENT_ADVERTISER_FUND","ADVERTISER_UID","NUMBER","","N","SYS_C00188492","广告主编号","广告主资金流水(日流水)"
"OS_AGENT_ADVERTISER_FUND","DAY_BALANCE","NUMBER","15","Y","","日终结余","广告主资金流水(日流水)"
"OS_AGENT_ADVERTISER_FUND","TOTAL_INCOME","NUMBER","15","Y","","总存入","广告主资金流水(日流水)"
"OS_AGENT_ADVERTISER_FUND","TOTAL_TRANSFER_IN","NUMBER","15","Y","","总转入","广告主资金流水(日流水)"
"OS_AGENT_ADVERTISER_FUND","TOTAL_TRANSFER_OUT","NUMBER","15","Y","","总转出","广告主资金流水(日流水)"
"OS_AGENT_ADVERTISER_FUND","TOTAL_FROZEN","NUMBER","15","Y","","总冻结","广告主资金流水(日流水)"
"OS_AGENT_ADVERTISER_FUND","TOTAL_COST","NUMBER","15","Y","","总支出(现金支出+赠款支出)","广告主资金流水(日流水)"
"OS_AGENT_ADVERTISER_FUND","CASH_COST","NUMBER","15","Y","","现金支出(包含代理商返点)","广告主资金流水(日流水)"
"OS_AGENT_ADVERTISER_FUND","REWARD_COST","NUMBER","15","Y","","赠款支出(包含头条返货+赔付)","广告主资金流水(日流水)"
"OS_AGENT_ADVERTISER_FUND","RETURN_COST","NUMBER","15","Y","","返货支出","广告主资金流水(日流水)"
"OS_AGENT_ADVERTISER_FUND","REBATE_RATE","NUMBER","15","Y","","当前返点比例(代理商)（废弃）","广告主资金流水(日流水)"
"OS_AGENT_ADVERTISER_FUND","RETURN_RATE","NUMBER","15","Y","","当前返货比例(头条)（废弃）","广告主资金流水(日流水)"
"OS_AGENT_ADVERTISER_FUND","REAL_COST","NUMBER","15","Y","","现金支出（￥）【(现金支出)/(1+代理商返点)】","广告主资金流水(日流水)"
"OS_AGENT_ADVERTISER_FUND","COST_TIME","DATE","","Y","","消耗时间","广告主资金流水(日流水)"
"OS_AGENT_ADVERTISER_FUND","SYNC_STATUS","NUMBER","","Y","","同步状态","广告主资金流水(日流水)"
"OS_AGENT_ADVERTISER_FUND","SYNC_MSG","VARCHAR2","","Y","","同步消息","广告主资金流水(日流水)"
"OS_AGENT_ADVERTISER_FUND","SYNC_IP","VARCHAR2","","Y","","同步IP","广告主资金流水(日流水)"
"OS_AGENT_ADVERTISER_FUND","SYNC_TIMES","NUMBER","","Y","","同步次数","广告主资金流水(日流水)"
"OS_AGENT_ADVERTISER_FUND","SYNC_FINISH_TIME","DATE","","Y","","同步完成时间","广告主资金流水(日流水)"
"OS_AGENT_ADVERTISER_FUND","SYNC_NEXT_TIME","DATE","","Y","","下次同步时间","广告主资金流水(日流水)"
"OS_AGENT_ADVERTISER_FUND","BATCH_NO","NUMBER","","Y","","同步批次","广告主资金流水(日流水)"
"OS_AGENT_ADVERTISER_FUND","CREATE_TIME","DATE","","N","SYS_C00188493","创建时间","广告主资金流水(日流水)"
"OS_AGENT_ADVERTISER_FUND","COMPENSATE_COST","NUMBER","15","Y","","赔付金额","广告主资金流水(日流水)"
"OS_AGENT_ADVERTISER_FUND","FINANCIAL_COST","NUMBER","15","Y","","同步财务支出（￥）【(现金支出+赠款支出)/(1+代理商返点+(1+代理商返点)*头条返货比例))】","广告主资金流水(日流水)"
"OS_AGENT_ADVERTISER","ADVERTISER_UID","NUMBER","","N","SYS_C00188520","广告主编号","代理商广告主(广告账户)"
"OS_AGENT_ADVERTISER","ADVERTISER_UID","NUMBER","","N","PK_AGENT_ADVERTISER","广告主编号","代理商广告主(广告账户)"
"OS_AGENT_ADVERTISER","ACCOUNT_ID","NUMBER","","N","SYS_C00188521","账号编号","代理商广告主(广告账户)"
"OS_AGENT_ADVERTISER","STEWARD_ID","NUMBER","","N","SYS_C00188522","管家账号","代理商广告主(广告账户)"
"OS_AGENT_ADVERTISER","ADVERTISER_NAME","VARCHAR2","","N","SYS_C00188523","广告主名字","代理商广告主(广告账户)"
"OS_AGENT_ADVERTISER","ADVERTISER_ID","VARCHAR2","","N","SYS_C00188524","广告主编码","代理商广告主(广告账户)"
"OS_AGENT_ADVERTISER","ADVERTISER_FLAG","NUMBER","","N","SYS_C00188525","帐户标识: 0-新账户 1-老账户","代理商广告主(广告账户)"
"OS_AGENT_ADVERTISER","OPERATE_MODE","NUMBER","","N","SYS_C00188526","运营模式: 1-自运营 2-代运营","代理商广告主(广告账户)"
"OS_AGENT_ADVERTISER","HAS_LICENSE","NUMBER","","N","SYS_C00188527","运营商资质: 0-有 1-无","代理商广告主(广告账户)"
"OS_AGENT_ADVERTISER","COMPANY_TYPE","NUMBER","","N","SYS_C00188528","主体类型: 1-四川千行 2-江门移动 3-上海移动","代理商广告主(广告账户)"
"OS_AGENT_ADVERTISER","BUSINESS_TYPE","NUMBER","","N","SYS_C00188529","业务类型","代理商广告主(广告账户)"
"OS_AGENT_ADVERTISER","PRODUCT_TYPE","NUMBER","","N","SYS_C00188530","产品类型","代理商广告主(广告账户)"
"OS_AGENT_ADVERTISER","RETURN_RATE","NUMBER","15","N","SYS_C00189671","返货比例(系统)（废弃）","代理商广告主(广告账户)"
"OS_AGENT_ADVERTISER","CASH_BALANCE","NUMBER","15","N","SYS_C00189672","现金账户余额","代理商广告主(广告账户)"
"OS_AGENT_ADVERTISER","REWARD_BALANCE","NUMBER","15","N","SYS_C00189673","赠款账户余额","代理商广告主(广告账户)"
"OS_AGENT_ADVERTISER","WARN_BALANCE","NUMBER","","Y","","告警余额(￥)","代理商广告主(广告账户)"
"OS_AGENT_ADVERTISER","PRINCIPAL","VARCHAR2","","Y","","负责人","代理商广告主(广告账户)"
"OS_AGENT_ADVERTISER","STATUS","NUMBER","","Y","","状态: 0-启用 1-禁用","代理商广告主(广告账户)"
"OS_AGENT_ACCOUNT_STEWARD","ACCOUNT_ID","NUMBER","","N","SYS_C00188642","登录账号ID","代理商管家账号"
"OS_AGENT_ADVERTISER","EXTEND1","VARCHAR2","","Y","","扩展字段1","代理商广告主(广告账户)"
"OS_AGENT_ADVERTISER","EXTEND2","VARCHAR2","","Y","","扩展字段2","代理商广告主(广告账户)"
"OS_AGENT_ADVERTISER","EXTEND3","VARCHAR2","","Y","","扩展字段3","代理商广告主(广告账户)"
"OS_AGENT_ADVERTISER","EXTEND4","VARCHAR2","","Y","","扩展字段4","代理商广告主(广告账户)"
"OS_AGENT_ADVERTISER","EXTEND5","VARCHAR2","","Y","","扩展字段5","代理商广告主(广告账户)"
"OS_AGENT_ADVERTISER","CREATE_USER","VARCHAR2","","N","SYS_C00188534","创建人","代理商广告主(广告账户)"
"OS_AGENT_ADVERTISER","CREATE_TIME","DATE","","N","SYS_C00188535","创建时间","代理商广告主(广告账户)"
"OS_AGENT_ADVERTISER","UPDATE_USER","VARCHAR2","","Y","","更新人","代理商广告主(广告账户)"
"OS_AGENT_ADVERTISER","UPDATE_TIME","DATE","","Y","","更新时间","代理商广告主(广告账户)"
"OS_TERM_THEME","TERM_NO","VARCHAR2","","N","SYS_C00188565","终端编号","终端主题"
"OS_TERM_THEME","THEME_ID","NUMBER","","N","SYS_C00188564","主题编号","终端主题"
"OS_TERM_THEME","THEME_ID","NUMBER","","N","PK_TERM_THEME","主题编号","终端主题"
"OS_TERM_THEME","THEME_NAME","VARCHAR2","","N","SYS_C00188566","主题名称","终端主题"
"OS_TERM_THEME","THEME_DIR","VARCHAR2","","Y","","主题目录","终端主题"
"OS_TERM_THEME","CSS_PATH","VARCHAR2","","N","SYS_C00188567","主题CSS路径","终端主题"
"OS_TERM_THEME","IMAGE_PATH","VARCHAR2","","N","SYS_C00188568","主题图片路径(JSONArray)","终端主题"
"OS_TERM_THEME","CREATE_USER","VARCHAR2","","N","SYS_C00188569","创建人","终端主题"
"OS_TERM_THEME","CREATE_TIME","DATE","","N","SYS_C00188570","创建时间","终端主题"
"OS_TERM_THEME","UPDATE_USER","VARCHAR2","","Y","","更新人","终端主题"
"OS_TERM_THEME","UPDATE_TIME","DATE","","Y","","更新时间","终端主题"
"OS_AGENT_ACCOUNT_STEWARD","STEWARD_ID","NUMBER","","N","SYS_C00188641","管家编号","代理商管家账号"
"OS_AGENT_ACCOUNT_STEWARD","STEWARD_ID","NUMBER","","N","PK_AGENT_ACCOUNT_STEWARD","管家编号","代理商管家账号"
"OS_AGENT_ACCOUNT_STEWARD","APP_UID","NUMBER","","N","SYS_C00188643","授权APP UID","代理商管家账号"
"OS_AGENT_ACCOUNT_STEWARD","STEWARD_NO","VARCHAR2","","N","SYS_C00188644","管家编码","代理商管家账号"
"OS_AGENT_ACCOUNT_STEWARD","STEWARD_NO","VARCHAR2","","N","UNIQUE_STEWARD_NO","管家编码","代理商管家账号"
"OS_AGENT_ACCOUNT_STEWARD","STEWARD_NAME","VARCHAR2","","N","SYS_C00188645","管家名称","代理商管家账号"
"OS_AGENT_ACCOUNT_STEWARD","STEWARD_NAME","VARCHAR2","","N","UNIQUE_STEWARD_NAME","管家名称","代理商管家账号"
"OS_AGENT_ACCOUNT_STEWARD","CASH_BALANCE","NUMBER","15","N","SYS_C00188646","现金余额","代理商管家账号"
"OS_AGENT_ACCOUNT_STEWARD","VALID_BALANCE","NUMBER","15","N","SYS_C00188647","账面余额","代理商管家账号"
"OS_AGENT_ACCOUNT_STEWARD","AUTHORIZED","NUMBER","","Y","","是否授权: 0-已授权 1-未授权","代理商管家账号"
"OS_AGENT_ACCOUNT_STEWARD","ACCESS_TOKEN","VARCHAR2","","Y","","访问令牌","代理商管家账号"
"OS_AGENT_ACCOUNT_STEWARD","ACCESS_TOKEN_EXPIRE","DATE","","Y","","令牌过期时间","代理商管家账号"
"OS_AGENT_ACCOUNT_STEWARD","REFRESH_TOKEN","VARCHAR2","","Y","","刷新令牌","代理商管家账号"
"OS_AGENT_ACCOUNT_STEWARD","NEXT_REFRESH_TIME","DATE","","Y","","下次刷新时间","代理商管家账号"
"OS_AGENT_ACCOUNT_STEWARD","STATUS","NUMBER","","N","SYS_C00188648","状态","代理商管家账号"
"OS_AGENT_ACCOUNT_STEWARD","CREATE_USER","VARCHAR2","","N","SYS_C00188649","创建人","代理商管家账号"
"OS_AGENT_ACCOUNT_STEWARD","CREATE_TIME","DATE","","N","SYS_C00188650","创建时间","代理商管家账号"
"OS_AGENT_ACCOUNT_STEWARD","UPDATE_USER","VARCHAR2","","Y","","更新人","代理商管家账号"
"OS_AGENT_ACCOUNT_STEWARD","UPDATE_TIME","DATE","","Y","","更新时间","代理商管家账号"
"OS_DOWN_PRODUCT_GROUP","GROUP_NO","VARCHAR2","","N","SYS_C00188682","分组编码","下游产品分组"
"OS_DOWN_PRODUCT_GROUP","GROUP_NO","VARCHAR2","","N","PK_DOWN_PRODUCT_GROUP","分组编码","下游产品分组"
"OS_DOWN_PRODUCT_GROUP","GROUP_NAME","VARCHAR2","","N","SYS_C00188683","分组名称","下游产品分组"
"OS_DOWN_PRODUCT_GROUP","DIVERT_MODE","NUMBER","","N","SYS_C00188684","分流模式: 1-优先级 2-百分比 3-随机","下游产品分组"
"OS_DOWN_PRODUCT_GROUP","REMARK","VARCHAR2","","Y","","备注","下游产品分组"
"OS_DOWN_PRODUCT_GROUP","CREATE_USER","VARCHAR2","","N","SYS_C00188685","创建人","下游产品分组"
"OS_DOWN_PRODUCT_GROUP","CREATE_TIME","DATE","","N","SYS_C00188686","创建时间","下游产品分组"
"OS_DOWN_PRODUCT_GROUP","UPDATE_USER","VARCHAR2","","Y","","更新人","下游产品分组"
"OS_DOWN_PRODUCT_GROUP","UPDATE_TIME","DATE","","N","SYS_C00188687","更新时间","下游产品分组"
"OS_ORDER_MAIN","ORDER_NO","VARCHAR2","","N","PK_ORDER_MAIN","订单号","订单主表"
"OS_ORDER_MAIN","ORDER_NO","VARCHAR2","","N","SYS_C00189603","订单号","订单主表"
"OS_ORDER_MAIN","CHANNEL_NO","VARCHAR2","","N","SYS_C00189619","渠道编号","订单主表"
"OS_ORDER_MAIN","PRODUCT_NO","VARCHAR2","","N","SYS_C00189620","产品编号","订单主表"
"OS_ORDER_MAIN","TERM_NO","VARCHAR2","","Y","","终端编号","订单主表"
"OS_ORDER_MAIN","PLAT_NO","VARCHAR2","","Y","","平台编号","订单主表"
"OS_ORDER_MAIN","AGENT_NO","VARCHAR2","","Y","","代理商编号","订单主表"
"OS_ORDER_MAIN","ACCOUNT_ID","NUMBER","","Y","","投放账户编号","订单主表"
"OS_ORDER_MAIN","ADVERTISER_UID","NUMBER","","Y","","广告主编号","订单主表"
"OS_ORDER_MAIN","PAGE_ID","NUMBER","","Y","","落地页编号","订单主表"
"OS_ORDER_MAIN","CONVERT_UID","NUMBER","","Y","","转化编号","订单主表"
"OS_ORDER_MAIN","BUSINESS_TYPE","NUMBER","","N","SYS_C00189605","业务类型","订单主表"
"OS_ORDER_MAIN","PRODUCT_TYPE","NUMBER","","N","SYS_C00189606","产品类型","订单主表"
"OS_ORDER_MAIN","CARRIER_NO","VARCHAR2","","N","SYS_C00189607","运营商编码","订单主表"
"OS_ORDER_MAIN","PROVINCE_NO","VARCHAR2","","N","SYS_C00189608","省份编码","订单主表"
"OS_ORDER_MAIN","CITY_NO","VARCHAR2","","N","SYS_C00189609","地市编码","订单主表"
"OS_ORDER_MAIN","ACCOUNT_NO","VARCHAR2","","N","SYS_C00189610","办理账号","订单主表"
"OS_ORDER_MAIN","FACE_FEE","NUMBER","","N","SYS_C00189611","订单面值","订单主表"
"OS_ORDER_MAIN","COST_PRICE","NUMBER","15","N","SYS_C00189612","订单成本","订单主表"
"OS_ORDER_MAIN","PAY_PRICE","NUMBER","15","N","SYS_C00189621","支付价格","订单主表"
"OS_ORDER_MAIN","ORDER_STATUS","NUMBER","","N","SYS_C00189613","订单状态","订单主表"
"OS_ORDER_MAIN","RESULT_MSG","VARCHAR2","","Y","","订单结果","订单主表"
"OS_ORDER_MAIN","MANUAL_STATUS","NUMBER","","N","SYS_C00189614","人工状态","订单主表"
"OS_ORDER_MAIN","USER_IP","VARCHAR2","","N","SYS_C00189615","用户IP","订单主表"
"OS_ORDER_MAIN","SERVER_IP","VARCHAR2","","N","SYS_C00189616","服务器IP","订单主表"
"OS_ORDER_MAIN","EXEC_NEXT_TIME","DATE","","Y","","下次执行时间","订单主表"
"OS_ORDER_MAIN","EXEC_BATCH_NO","NUMBER","","Y","","下次执行批次","订单主表"
"OS_ORDER_MAIN","EXEC_TIMES","NUMBER","","Y","","执行次数","订单主表"
"OS_ORDER_MAIN","USER_PARAMS","VARCHAR2","","Y","","用户参数","订单主表"
"OS_ORDER_MAIN","PLAT_PARAMS","VARCHAR2","","Y","","平台参数","订单主表"
"OS_ORDER_MAIN","EXTEND1","VARCHAR2","","Y","","扩展字段1","订单主表"
"OS_ORDER_MAIN","EXTEND2","VARCHAR2","","Y","","扩展字段2","订单主表"
"OS_ORDER_MAIN","EXTEND3","VARCHAR2","","Y","","扩展字段3","订单主表"
"OS_ORDER_MAIN","EXTEND4","VARCHAR2","","Y","","扩展字段4","订单主表"
"OS_ORDER_MAIN","EXTEND5","VARCHAR2","","Y","","扩展字段5","订单主表"
"OS_ORDER_MAIN","CREATE_TIME","DATE","","N","SYS_C00189617","创建时间","订单主表"
"OS_ORDER_MAIN","FINISH_TIME","DATE","","Y","","完成时间","订单主表"
"OS_ORDER_MAIN","FINISH_IP","VARCHAR2","","Y","","完成ip","订单主表"
"OS_ORDER_DELIVERY","DELIVERY_ID","NUMBER","","N","SYS_C00189622","发货编号","发货记录表"
"OS_ORDER_DELIVERY","DELIVERY_ID","NUMBER","","N","PK_ORDER_DELIVERY","发货编号","发货记录表"
"OS_ORDER_DELIVERY","ORDER_NO","VARCHAR2","","N","SYS_C00189623","订单号","发货记录表"
"OS_ORDER_DELIVERY","TERM_NO","VARCHAR2","","Y","","终端编号","发货记录表"
"OS_ORDER_DELIVERY","ACCOUNT_NO","VARCHAR2","","N","SYS_C00189624","办理账号","发货记录表"
"OS_ORDER_DELIVERY","DOWN_CHANNEL_NO","VARCHAR2","","N","SYS_C00189641","下游渠道","发货记录表"
"OS_ORDER_DELIVERY","DOWN_PRODUCT_NO","VARCHAR2","","N","SYS_C00189642","下游产品","发货记录表"
"OS_ORDER_DELIVERY","UP_CHANNEL_NO","VARCHAR2","","N","SYS_C00189625","上游渠道","发货记录表"
"OS_ORDER_DELIVERY","UP_PRODUCT_NO","VARCHAR2","","N","SYS_C00189626","上游产品","发货记录表"
"OS_ORDER_DELIVERY","UP_PRICE","NUMBER","15","N","SYS_C00189627","上游价格","发货记录表"
"OS_ORDER_DELIVERY","UP_ORDER_NO","VARCHAR2","","Y","","上游订单号","发货记录表"
"OS_ORDER_DELIVERY","DELIVERY_STATUS","NUMBER","","N","SYS_C00189628","发货状态","发货记录表"
"OS_ORDER_DELIVERY","MANUAL_STATUS","NUMBER","","N","SYS_C00189629","人工状态","发货记录表"
"OS_ORDER_DELIVERY","RESULT_MSG","VARCHAR2","","Y","","上游结果","发货记录表"
"OS_ORDER_DELIVERY","EXEC_NEXT_TIME","DATE","","Y","","下次执行时间","发货记录表"
"OS_ORDER_DELIVERY","EXEC_BATCH_NO","NUMBER","","Y","","下次执行批次","发货记录表"
"OS_ORDER_DELIVERY","EXEC_TIMES","NUMBER","","N","SYS_C00189630","执行次数","发货记录表"
"OS_ORDER_DELIVERY","SERVICE_CODE","VARCHAR2","","N","SYS_C00189631","服务编码","发货记录表"
"OS_ORDER_DELIVERY","SERVER_IP","VARCHAR2","","Y","","服务器IP","发货记录表"
"OS_ORDER_DELIVERY","CREATE_TIME","DATE","","N","SYS_C00189632","创建时间","发货记录表"
"OS_ORDER_DELIVERY","FINISH_TIME","DATE","","Y","","完成时间","发货记录表"
"OS_DOWN_CHANNEL","CHANNEL_NO","VARCHAR2","","N","SYS_C00189643","渠道编号","下游渠道信息"
"OS_DOWN_CHANNEL","CHANNEL_NO","VARCHAR2","","N","PK_DOWN_CHANNEL","渠道编号","下游渠道信息"
"OS_DOWN_CHANNEL","CHANNEL_NAME","VARCHAR2","","N","SYS_C00189644","渠道名称","下游渠道信息"
"OS_DOWN_CHANNEL","BALANCE","NUMBER","15","N","SYS_C00189676","渠道余额","下游渠道信息"
"OS_DOWN_CHANNEL","SYNC_FLAG","NUMBER","","N","SYS_C00189647","同步记账","下游渠道信息"
"OS_DOWN_CHANNEL","PRINCIPAL","VARCHAR2","","Y","","负责人","下游渠道信息"
"OS_DOWN_CHANNEL","STATUS","NUMBER","","N","SYS_C00189648","状态","下游渠道信息"
"OS_DOWN_CHANNEL","REMARK","VARCHAR2","","Y","","备注","下游渠道信息"
"OS_DOWN_CHANNEL","CREATE_USER","VARCHAR2","","N","SYS_C00189649","创建人","下游渠道信息"
"OS_DOWN_CHANNEL","CREATE_TIME","DATE","","N","SYS_C00189650","创建时间","下游渠道信息"
"OS_DOWN_CHANNEL","UPDATE_USER","VARCHAR2","","Y","","更新人","下游渠道信息"
"OS_DOWN_CHANNEL","UPDATE_TIME","DATE","","Y","","更新时间","下游渠道信息"
"OS_PRODUCT_TYPE","RECORD_ID","NUMBER","","N","SYS_C00189954","记录编号","系统产品类型表"
"OS_PRODUCT_TYPE","RECORD_ID","NUMBER","","N","PK_PRODUCT_TYPE","记录编号","系统产品类型表"
"OS_PRODUCT_TYPE","BUSINESS_TYPE","NUMBER","","N","SYS_C00189955","业务类型编号","系统产品类型表"
"OS_PRODUCT_TYPE","TYPE_NAME","VARCHAR2","","N","SYS_C00189956","类型名称","系统产品类型表"
"OS_PRODUCT_TYPE","TYPE_NAME","VARCHAR2","","N","UNIQUE_PRODUCT_TYPE_NAME","类型名称","系统产品类型表"
"OS_PRODUCT_TYPE","TYPE_VALUE","NUMBER","","N","SYS_C00189957","类型值","系统产品类型表"
"OS_PRODUCT_TYPE","TYPE_VALUE","NUMBER","","N","UNIQUE_PRODUCT_TYPE_VALUE","类型值","系统产品类型表"
"OS_PRODUCT_TYPE","STATUS","NUMBER","","N","SYS_C00189958","状态: 0-启用 1-禁用","系统产品类型表"
"OS_PRODUCT_TYPE","REMARK","VARCHAR2","","Y","","备注","系统产品类型表"
"OS_PRODUCT_TYPE","SORT_NUM","NUMBER","","N","SYS_C00189959","排序编号","系统产品类型表"
"OS_PRODUCT_TYPE","CREATE_USER","VARCHAR2","","N","SYS_C00189960","创建人","系统产品类型表"
"OS_PRODUCT_TYPE","CREATE_TIME","DATE","","N","SYS_C00189961","创建时间","系统产品类型表"
"OS_PRODUCT_TYPE","UPDATE_USER","VARCHAR2","","Y","","更新人","系统产品类型表"
"OS_PRODUCT_TYPE","UPDATE_TIME","DATE","","Y","","更新时间","系统产品类型表"
"OS_ORDER_FLOW_STEP","ORDER_NO","VARCHAR2","","N","SYS_C00190194","订单号","订单流程步骤"
"OS_ORDER_FLOW_STEP","RECORD_ID","NUMBER","","N","SYS_C00190193","记录编号","订单流程步骤"
"OS_ORDER_FLOW_STEP","RECORD_ID","NUMBER","","N","PK_ORDER_FLOW_STEP","记录编号","订单流程步骤"
"OS_ORDER_FLOW_STEP","FLOW_ID","NUMBER","","Y","","流程编号","订单流程步骤"
"OS_ORDER_FLOW_STEP","STEP_ID","NUMBER","","N","SYS_C00190195","步骤编号","订单流程步骤"
"OS_ORDER_FLOW_STEP","LAST_FLOW_ID","NUMBER","","Y","","上一流程","订单流程步骤"
"OS_ORDER_FLOW_STEP","LAST_STEP_ID","NUMBER","","Y","","上一步骤","订单流程步骤"
"OS_ORDER_FLOW_STEP","STEP_STATUS","NUMBER","","Y","","步骤状态","订单流程步骤"
"OS_ORDER_FLOW_STEP","STEP_MSG","VARCHAR2","","Y","","步骤消息","订单流程步骤"
"OS_ORDER_FLOW_STEP","CREATE_TIME","DATE","","Y","","创建时间","订单流程步骤"
"OS_ORDER_FLOW_STEP","FINISH_TIME","DATE","","Y","","完成时间","订单流程步骤"
"OS_TERM_INFO","OPEN_HIGH","NUMBER","","Y","","开启高风险地址：0-是，1-否","终端信息"
"OS_AGENT_ADVERTISER","BALANCE","NUMBER","15","Y","","真实余额（￥）","代理商广告主(广告账户)"
"OS_TERM_PAGE_PRODUCT","PAGE_ID","NUMBER","","N","SYS_C00190940","落地页编号","终端落地页产品"
"OS_TERM_PAGE_PRODUCT","PAGE_ID","NUMBER","","N","UK_PAGE_PRODUCT","落地页编号","终端落地页产品"
"OS_TERM_PAGE_PRODUCT","RECORD_ID","NUMBER","","N","SYS_C00190939","记录编号","终端落地页产品"
"OS_TERM_PAGE_PRODUCT","RECORD_ID","NUMBER","","N","PK_PAGE_PRODUCT","记录编号","终端落地页产品"
"OS_TERM_PAGE_PRODUCT","PRODUCT_NO","VARCHAR2","","N","SYS_C00190941","产品编号","终端落地页产品"
"OS_TERM_PAGE_PRODUCT","PRODUCT_NO","VARCHAR2","","N","UK_PAGE_PRODUCT","产品编号","终端落地页产品"
"OS_TERM_PAGE_PRODUCT","PAY_PRICE","NUMBER","15","N","SYS_C00190942","支付价格","终端落地页产品"
"OS_TERM_PAGE_PRODUCT","STATUS","NUMBER","","N","SYS_C00190943","状态","终端落地页产品"
"OS_TERM_PAGE_PRODUCT","EXTEND1","VARCHAR2","","Y","","扩展字段1","终端落地页产品"
"OS_TERM_PAGE_PRODUCT","EXTEND2","VARCHAR2","","Y","","扩展字段2","终端落地页产品"
"OS_TERM_PAGE_PRODUCT","EXTEND3","VARCHAR2","","Y","","扩展字段3","终端落地页产品"
"OS_TERM_PAGE_PRODUCT","CREATE_USER","VARCHAR2","","N","SYS_C00190944","创建人","终端落地页产品"
"OS_TERM_PAGE_PRODUCT","CREATE_TIME","DATE","","N","SYS_C00190945","创建时间","终端落地页产品"
"OS_TERM_PAGE_PRODUCT","UPDATE_USER","VARCHAR2","","Y","","更新人","终端落地页产品"
"OS_TERM_PAGE_PRODUCT","UPDATE_TIME","DATE","","Y","","更新时间","终端落地页产品"
"OS_UP_ERROR_MAP","RECORD_ID","NUMBER","","N","SYS_C00191011","记录编号","上游错误码对照"
"OS_UP_ERROR_MAP","RECORD_ID","NUMBER","","N","PK_UP_ERROR_MAP","记录编号","上游错误码对照"
"OS_UP_ERROR_MAP","CHANNEL_NO","VARCHAR2","","N","SYS_C00191012","渠道编号","上游错误码对照"
"OS_UP_ERROR_MAP","CODE_TYPE","NUMBER","","N","SYS_C00191013","错误码类型: 1-提交 2-查询 3-回调","上游错误码对照"
"OS_UP_ERROR_MAP","KEY_WORD1","VARCHAR2","","N","SYS_C00191014","关键字1","上游错误码对照"
"OS_UP_ERROR_MAP","KEY_WORD2","VARCHAR2","","Y","","关键字2","上游错误码对照"
"OS_UP_ERROR_MAP","DEAL_STATUS","NUMBER","","N","SYS_C00191015","处理状态: 0-成功 1-失败 2-延迟失败 3-重试(原渠道) 9-人工处理","上游错误码对照"
"OS_UP_ERROR_MAP","DEAL_MSG","VARCHAR2","","Y","","处理消息","上游错误码对照"
"OS_UP_ERROR_MAP","RUN_NEXT_STEP","NUMBER","","Y","","执行下一步: 0-是 1-否","上游错误码对照"
"OS_UP_ERROR_MAP","NEED_WARN","NUMBER","","N","SYS_C00191016","是否告警","上游错误码对照"
"OS_UP_ERROR_MAP","RETRY_MAX","NUMBER","","Y","","重试最大次数","上游错误码对照"
"OS_UP_ERROR_MAP","RETRY_INTRV","NUMBER","","Y","","重试间隔(秒)","上游错误码对照"
"OS_UP_ERROR_MAP","DELAY_TIME","NUMBER","","Y","","延迟时间(分)","上游错误码对照"
"OS_UP_ERROR_MAP","STATUS","NUMBER","","Y","","状态","上游错误码对照"
"OS_UP_ERROR_MAP","REMARK","VARCHAR2","","Y","","备注","上游错误码对照"
"OS_UP_ERROR_MAP","CREATE_USER","VARCHAR2","","N","SYS_C00191017","创建人","上游错误码对照"
"OS_UP_ERROR_MAP","CREATE_TIME","DATE","","N","SYS_C00191018","创建时间","上游错误码对照"
"OS_UP_ERROR_MAP","UPDATE_USER","VARCHAR2","","Y","","更新人","上游错误码对照"
"OS_UP_ERROR_MAP","UPDATE_TIME","DATE","","Y","","更新时间","上游错误码对照"
"OS_ORDER_CAPTCHA","ORDER_NO","VARCHAR2","","N","SYS_C00191026","订单号","订单验证码表"
"OS_ORDER_CAPTCHA","RECORD_ID","NUMBER","","N","SYS_C00191025","记录编号","订单验证码表"
"OS_ORDER_CAPTCHA","RECORD_ID","NUMBER","","N","PK_ORDER_CAPTCHA","记录编号","订单验证码表"
"OS_ORDER_CAPTCHA","DOWN_CHANNEL_NO","VARCHAR2","","N","SYS_C00191027","下游渠道编号","订单验证码表"
"OS_ORDER_CAPTCHA","DOWN_PRODUCT_NO","VARCHAR2","","N","SYS_C00191028","下游产品编号","订单验证码表"
"OS_ORDER_CAPTCHA","TERM_NO","VARCHAR2","","Y","","终端编号","订单验证码表"
"OS_ORDER_CAPTCHA","PLAT_NO","VARCHAR2","","Y","","平台编号","订单验证码表"
"OS_ORDER_CAPTCHA","AGENT_NO","VARCHAR2","","Y","","代理商编号","订单验证码表"
"OS_ORDER_CAPTCHA","ACCOUNT_ID","NUMBER","","Y","","投放账户编号","订单验证码表"
"OS_ORDER_CAPTCHA","ADVERTISER_UID","NUMBER","","Y","","广告主编号","订单验证码表"
"OS_ORDER_CAPTCHA","PAGE_ID","NUMBER","","Y","","落地页编号","订单验证码表"
"OS_ORDER_CAPTCHA","CONVERT_UID","NUMBER","","Y","","转化编号","订单验证码表"
"OS_ORDER_CAPTCHA","BUSINESS_TYPE","NUMBER","","N","SYS_C00191029","业务类型","订单验证码表"
"OS_ORDER_CAPTCHA","PRODUCT_TYPE","NUMBER","","N","SYS_C00191030","产品类型","订单验证码表"
"OS_ORDER_CAPTCHA","CARRIER_NO","VARCHAR2","","N","SYS_C00191031","运营商编码","订单验证码表"
"OS_ORDER_CAPTCHA","PROVINCE_NO","VARCHAR2","","N","SYS_C00191032","省份编码","订单验证码表"
"OS_ORDER_CAPTCHA","CITY_NO","VARCHAR2","","N","SYS_C00191033","地市编码","订单验证码表"
"OS_ORDER_CAPTCHA","MOBILE","VARCHAR2","","N","SYS_C00191034","手机号","订单验证码表"
"OS_ORDER_CAPTCHA","FACE_FEE","NUMBER","15","N","SYS_C00191035","订单面值","订单验证码表"
"OS_ORDER_CAPTCHA","COST_PRICE","NUMBER","15","N","SYS_C00191036","订单成本","订单验证码表"
"OS_ORDER_CAPTCHA","UP_CHANNEL_NO","VARCHAR2","","N","SYS_C00191037","上游渠道编号","订单验证码表"
"OS_ORDER_CAPTCHA","UP_PRODUCT_NO","VARCHAR2","","N","SYS_C00191038","上游产品编号","订单验证码表"
"OS_ORDER_CAPTCHA","CAPTCHA_TYPE","NUMBER","","N","SYS_C00191039","验证码类型: 1-提交订单","订单验证码表"
"OS_ORDER_CAPTCHA","SEND_STATUS","NUMBER","","N","SYS_C00191040","发送状态: 0-发送成功 20-等待发送 30-正在发送 90-发送失败","订单验证码表"
"OS_ORDER_CAPTCHA","SEND_TIME","DATE","","Y","","发送时间","订单验证码表"
"OS_ORDER_CAPTCHA","RESULT_MSG","VARCHAR2","","Y","","发送结果","订单验证码表"
"OS_ORDER_CAPTCHA","UP_SEQ_NO","VARCHAR2","","Y","","上游流水号","订单验证码表"
"OS_ORDER_CAPTCHA","USER_PARAMS","VARCHAR2","","Y","","用户参数","订单验证码表"
"OS_ORDER_CAPTCHA","VERIFY_MSG","VARCHAR2","","Y","","校验结果","订单验证码表"
"OS_ORDER_CAPTCHA","VERIFY_TIME","DATE","","Y","","校验时间","订单验证码表"
"OS_ORDER_CAPTCHA","EXTEND1","VARCHAR2","","Y","","扩展字段1","订单验证码表"
"OS_ORDER_CAPTCHA","EXTEND2","VARCHAR2","","Y","","扩展字段2","订单验证码表"
"OS_ORDER_CAPTCHA","EXTEND3","VARCHAR2","","Y","","扩展字段3","订单验证码表"
"OS_ORDER_CAPTCHA","API_SERVER_IP","VARCHAR2","","N","SYS_C00191041","API服务器IP","订单验证码表"
"OS_ORDER_CAPTCHA","USER_IP","VARCHAR2","","N","SYS_C00191042","用户IP","订单验证码表"
"OS_ORDER_CAPTCHA","CREATE_TIME","DATE","","N","SYS_C00191043","创建时间","订单验证码表"
"OS_ORDER_CAPTCHA","FINISH_TIME","DATE","","Y","","完成时间","订单验证码表"
"OS_TERM_PAGE_TRACK","RECORD_ID","NUMBER","","N","SYS_C00191118","记录编号","终端页埋点跟踪"
"OS_TERM_PAGE_TRACK","RECORD_ID","NUMBER","","N","PK_TERM_PAGE_TRACK","记录编号","终端页埋点跟踪"
"OS_TERM_PAGE_TRACK","STAT_DATE","DATE","","N","SYS_C00191119","统计时间","终端页埋点跟踪"
"OS_TERM_PAGE_TRACK","PAGE_ID","NUMBER","","N","SYS_C00191120","落地页ID","终端页埋点跟踪"
"OS_TERM_PAGE_TRACK","THEME_ID","NUMBER","","N","SYS_C00191121","落地页主题ID","终端页埋点跟踪"
"OS_TERM_PAGE_TRACK","OPEN_CNT","NUMBER","","Y","","页面打开次数","终端页埋点跟踪"
"OS_TERM_PAGE_TRACK","LOAD_TIME","NUMBER","","Y","","页面加载总时长","终端页埋点跟踪"
"OS_TERM_PAGE_TRACK","PHONE_CNT","NUMBER","","Y","","输入手机号次数","终端页埋点跟踪"
"OS_TERM_PAGE_TRACK","SMS_BNT_CNT","NUMBER","","Y","","点击获取验证码次数","终端页埋点跟踪"
"OS_TERM_PAGE_TRACK","SMS_CNT","NUMBER","","Y","","输入验证码次数","终端页埋点跟踪"
"OS_TERM_PAGE_TRACK","SUBMIT_BNT_CNT","NUMBER","","Y","","点击立即抢购次数","终端页埋点跟踪"
"OS_TERM_PAGE_TRACK","FORM_BNT_CNT","NUMBER","","Y","","点击确认订购次数","终端页埋点跟踪"
"OS_TERM_PAGE_TRACK","STOP_TIME","NUMBER","","Y","","页面停留总时长","终端页埋点跟踪"
"OS_TERM_PAGE_TRACK","UPDATE_TIME","DATE","","Y","","最后提交时间","终端页埋点跟踪"
"OS_DOWN_PRODUCT","CHANNEL_NO","VARCHAR2","","N","SYS_C00191139","渠道编码","下游产品信息"
"OS_DOWN_PRODUCT","PRODUCT_NO","VARCHAR2","","N","SYS_C00191138","产品编码","下游产品信息"
"OS_DOWN_PRODUCT","PRODUCT_NO","VARCHAR2","","N","PK_DOWN_PRODUCT","产品编码","下游产品信息"
"OS_DOWN_PRODUCT","PRODUCT_NAME","VARCHAR2","","N","SYS_C00191140","产品名称","下游产品信息"
"OS_DOWN_PRODUCT","PRODUCT_TITLE","VARCHAR2","","Y","","产品标题","下游产品信息"
"OS_DOWN_PRODUCT","PRODUCT_SUMMARY","VARCHAR2","","Y","","产品摘要","下游产品信息"
"OS_DOWN_PRODUCT","PRODUCT_DETAIL","VARCHAR2","","Y","","产品详情","下游产品信息"
"OS_DOWN_PRODUCT","BUSINESS_TYPE","NUMBER","","N","SYS_C00191141","业务类型","下游产品信息"
"OS_DOWN_PRODUCT","PRODUCT_TYPE","NUMBER","","N","SYS_C00191142","产品类型","下游产品信息"
"OS_DOWN_PRODUCT","CARRIER_NO","VARCHAR2","","N","SYS_C00191143","运营商编码","下游产品信息"
"OS_DOWN_PRODUCT","PROVINCE_NO","VARCHAR2","","N","SYS_C00191144","省份编码","下游产品信息"
"OS_DOWN_PRODUCT","CITY_NO","VARCHAR2","","N","SYS_C00191145","地市编码","下游产品信息"
"OS_DOWN_PRODUCT","FACE_FEE","NUMBER","","N","SYS_C00191146","面值","下游产品信息"
"OS_DOWN_PRODUCT","NORMAL_PRICE","NUMBER","15","N","SYS_C00191147","标准价格","下游产品信息"
"OS_DOWN_PRODUCT","PAY_PRICE","NUMBER","15","N","SYS_C00191148","支付价格","下游产品信息"
"OS_DOWN_PRODUCT","COST_PRICE","NUMBER","15","N","SYS_C00191149","成本价格","下游产品信息"
"OS_DOWN_PRODUCT","NEED_CARD_NO","NUMBER","","Y","","需要身份证号:  0-需要 1-不需要","下游产品信息"
"OS_DOWN_PRODUCT","NEED_CARD_PIC","NUMBER","","Y","","需要身份证照: 1-不需要 2-立即提交上游 3-补提交上游","下游产品信息"
"OS_DOWN_PRODUCT","GROUP_NO","VARCHAR2","","Y","","分组编号","下游产品信息"
"OS_DOWN_PRODUCT","FLOW_ID","NUMBER","","Y","","流程编号","下游产品信息"
"OS_DOWN_PRODUCT","PRODUCT_CODE","VARCHAR2","","Y","","下游产品代码","下游产品信息"
"OS_DOWN_PRODUCT","EXTEND1","VARCHAR2","","Y","","扩展字段1","下游产品信息"
"OS_DOWN_PRODUCT","EXTEND2","VARCHAR2","","Y","","扩展字段2","下游产品信息"
"OS_DOWN_PRODUCT","EXTEND3","VARCHAR2","","Y","","扩展字段3","下游产品信息"
"OS_DOWN_PRODUCT","STATUS","NUMBER","","N","SYS_C00191150","状态","下游产品信息"
"OS_DOWN_PRODUCT","REMARK","VARCHAR2","","Y","","备注","下游产品信息"
"OS_DOWN_PRODUCT","CREATE_USER","VARCHAR2","","N","SYS_C00191151","创建人","下游产品信息"
"OS_DOWN_PRODUCT","CREATE_TIME","DATE","","N","SYS_C00191152","创建时间","下游产品信息"
"OS_DOWN_PRODUCT","UPDATE_USER","VARCHAR2","","Y","","更新人","下游产品信息"
"OS_DOWN_PRODUCT","UPDATE_TIME","DATE","","Y","","更新时间","下游产品信息"
"OS_TERM_PAGE","PAGE_ID","NUMBER","","N","SYS_C00191295","落地页编号","终端落地页"
"OS_TERM_PAGE","PAGE_ID","NUMBER","","N","PK_TERM_PAGE","落地页编号","终端落地页"
"OS_TERM_PAGE","PAGE_NAME","VARCHAR2","","N","SYS_C00191296","落地页名称","终端落地页"
"OS_TERM_PAGE","THEME_ID","NUMBER","","N","SYS_C00191297","主题编号","终端落地页"
"OS_TERM_PAGE","DOMAIN_ID","NUMBER","","N","SYS_C00191305","域名编号","终端落地页"
"OS_TERM_PAGE","URL_UID","VARCHAR2","","N","SYS_C00191298","URL短编号(8位唯一随机串)","终端落地页"
"OS_TERM_PAGE","FULL_URL","VARCHAR2","","N","SYS_C00191299","完整URL","终端落地页"
"OS_TERM_PAGE","STATUS","NUMBER","","N","SYS_C00191300","状态","终端落地页"
"OS_TERM_PAGE","BACKUP_STATUS","NUMBER","","N","SYS_C00191301","备用主题状态","终端落地页"
"OS_TERM_PAGE","BACKUP_THEME_ID","NUMBER","","Y","","备用主题","终端落地页"
"OS_TERM_PAGE","BACKUP_RULES","VARCHAR2","","Y","","备用主题规则: {""localRule"":[""四川"",""成都""],""timeRule"":[{""start"":""00:00:00"",""end"":""05:30:00""},{""start"":""20:00:00"",""end"":""23:59:00""}]}","终端落地页"
"OS_TERM_PAGE","CREATE_USER","VARCHAR2","","N","SYS_C00191302","创建人","终端落地页"
"OS_TERM_PAGE","CREATE_TIME","DATE","","N","SYS_C00191303","创建时间","终端落地页"
"OS_TERM_PAGE","UPDATE_USER","VARCHAR2","","Y","","更新人","终端落地页"
"OS_TERM_PAGE","UPDATE_TIME","DATE","","Y","","更新时间","终端落地页"
"OS_OPERATE_LOG","OPT_USER","VARCHAR2","","N","SYS_C00191312","操作人","系统日志"
"OS_OPERATE_LOG","OPT_DESC","VARCHAR2","","N","SYS_C00191313","操作描述","系统日志"
"OS_OPERATE_LOG","OPT_PARAM","VARCHAR2","","Y","","操作参数","系统日志"
"OS_OPERATE_LOG","OPT_TIME","DATE","","N","SYS_C00191314","操作时间","系统日志"
"OS_ORDER_DELIVERY","UP_REMARK","VARCHAR2","","Y","","上游备注","发货记录表"
"OS_ADVERTISER_BALANCE_DETAIL","B_BALANCE","NUMBER","15","N","SYS_C00190918","",""
"OS_ADVERTISER_BALANCE_DETAIL","FUND_ID","NUMBER","11","N","SYS_C00190914","",""
"OS_ADVERTISER_BALANCE","CASH_BALANCE","NUMBER","15","N","SYS_C00190887","",""
"OS_ADVERTISER_BALANCE","ADVERTISER_UID","NUMBER","11","N","SYS_C00190886","",""
"OS_ADVERTISER_BALANCE","CREATE_TIME","DATE","","N","SYS_C00190895","",""
"OS_ORDER_QUERY","QUERY_STATUS","NUMBER","","N","SYS_C00176920","","订单查询记录"
"OS_ORDER_QUERY","FINISH_TIME","DATE","","Y","","","订单查询记录"
"OS_ORDER_QUERY","CREATE_TIME","DATE","","N","SYS_C00176921","","订单查询记录"
"OS_ORDER_QUERY","RECORD_ID","NUMBER","","N","PK_ORDER_QUERY","","订单查询记录"
"OS_ORDER_QUERY","RECORD_ID","NUMBER","","N","SYS_C00176916","","订单查询记录"
"OS_ADVERTISER_BALANCE","REWARD_COST","NUMBER","15","N","SYS_C00190890","",""
"OS_ADVERTISER_BALANCE_DETAIL","RECORD_ID","NUMBER","11","N","SYS_C00190912","",""
"OS_ADVERTISER_BALANCE_DETAIL","RECORD_ID","NUMBER","11","N","SYS_C00190923","",""
"OS_ORDER_QUERY","QUERY_BATCH_ID","NUMBER","","Y","","","订单查询记录"
"OS_SYSTEM_API_TRACK","FAIL_COUNT","NUMBER","","Y","","",""
"OS_ADVERTISER_BALANCE_DETAIL","REBATE_RATE","NUMBER","15","N","SYS_C00190920","",""
"OS_SYSTEM_API_TRACK","TOTAL_COUNT","NUMBER","","Y","","",""
"OS_ADVERTISER_BALANCE","REWARD_BALANCE","NUMBER","15","N","SYS_C00190889","",""
"OS_ADVERTISER_BALANCE_DETAIL","RETURN_RATE","NUMBER","15","N","SYS_C00190921","",""
"OS_ADVERTISER_BALANCE","RECORD_ID","NUMBER","11","N","SYS_C00190885","",""
"OS_ADVERTISER_BALANCE","RECORD_ID","NUMBER","11","N","SYS_C00190896","",""
"OS_ORDER_QUERY","DELIVERY_ID","NUMBER","","N","SYS_C00176917","","订单查询记录"
"OS_SYSTEM_API_TRACK","SUCCESS_COUNT","NUMBER","","Y","","",""
"OS_ADVERTISER_BALANCE","RETURN_RATE","NUMBER","15","N","SYS_C00190892","",""
"OS_ADVERTISER_BALANCE","CASH_COST","NUMBER","15","N","SYS_C00190888","",""
"OS_ADVERTISER_BALANCE","ESTIMATE_REWARD","NUMBER","15","N","SYS_C00190893","",""
"OS_ADVERTISER_BALANCE_DETAIL","TRADE_TYPE","NUMBER","1","N","SYS_C00190916","",""
"OS_ADVERTISER_BALANCE_DETAIL","F_BALANCE","NUMBER","15","N","SYS_C00190917","",""
"OS_ADVERTISER_BALANCE","UPDATE_TIME","DATE","","Y","","",""
"OS_PAY_ACCOUNT_INFO","APP_ID","VARCHAR2","","Y","","","支付账号表"
"OS_PAY_ACCOUNT_INFO","APP_SECRET","VARCHAR2","","Y","","","支付账号表"
"OS_ORDER_QUERY","ORDER_NO","VARCHAR2","","N","SYS_C00176918","","订单查询记录"
"OS_ORDER_QUERY","SERVER_IP","VARCHAR2","","Y","","","订单查询记录"
"OS_ADVERTISER_BALANCE","REBATE_RATE","NUMBER","15","N","SYS_C00190891","",""
"OS_ORDER_QUERY","SERVICE_CODE","VARCHAR2","","N","SYS_C00176919","","订单查询记录"
"OS_ADVERTISER_BALANCE_DETAIL","CREATE_TIME","DATE","","N","SYS_C00190922","",""
"OS_SYSTEM_API_TRACK","UPDATE_TIME","DATE","","Y","","",""
"OS_SYSTEM_API_TRACK","STAT_DATE","DATE","","N","SYS_C00191169","",""
"OS_SYSTEM_API_TRACK","RECORD_ID","NUMBER","","N","SYS_C00191168","",""
"OS_SYSTEM_API_TRACK","RECORD_ID","NUMBER","","N","PK_SYSTEM_API_TRACK","",""
"OS_ADVERTISER_BALANCE_DETAIL","ADVERTISER_UID","NUMBER","11","N","SYS_C00190913","",""
"OS_ADVERTISER_BALANCE_DETAIL","BALANCE_ID","NUMBER","11","N","SYS_C00190915","",""
"OS_ADVERTISER_BALANCE_DETAIL","AMOUNT","NUMBER","15","N","SYS_C00190919","",""
"OS_OPERATE_LOG","RECORD_ID","NUMBER","","N","SYS_C00191311","","系统日志"
"OS_SYSTEM_API_TRACK","API_URI","VARCHAR2","","N","SYS_C00191171","",""
"OS_ORDER_QUERY","QUERY_NEXT_TIME","DATE","","Y","","","订单查询记录"
"OS_ORDER_QUERY","RESULT_MSG","VARCHAR2","","Y","","","订单查询记录"
"OS_SYSTEM_API_TRACK","METHOD_NAME","VARCHAR2","","N","SYS_C00191170","",""
